{
    "num_epochs": 19,
    "train_split": 0.5,
    "val_split": 0.25,
    "test_split": 0.25,
    "recurrent_cell": "lstm",
    "recurrent_layers": 3,
    "recurrent_units": 64,
    "input_sequence_len": 168,
    "output_sequence_len": 12,
    "batch_size": 64,
    "optimizer": "adam",
    "loss": "mse",
    "learning_rate": 0.001,
    "__timestamp__": 20201112135708,
    "verbose": 0,
    "epochs": 300,
    "steps": 272,
    "trainable_params": 89100,
    "non_trainable_params": 0.0,
    "total_params": 89100.0,
    "final_train_loss": 0.5861718058586121,
    "final_train_mse": 0.5861718058586121,
    "final_train_mae": 0.4062440097332001,
    "final_train_msle": 0.08874906599521637,
    "final_val_loss": 0.5210304260253906,
    "final_val_mse": 0.5210304260253906,
    "final_val_mae": 0.35738223791122437,
    "final_val_msle": 0.06926721334457397,
    "final_test_loss": 0.4156964421272278,
    "final_test_mse": 0.4156964421272278,
    "final_test_mae": 0.3085322380065918,
    "final_test_msle": 0.05538769066333771,
    "baseline_train_loss": 0.9146643877029419,
    "baseline_train_mse": 0.7494897246360779,
    "baseline_train_mae": 0.39399588108062744,
    "baseline_train_msle": 0.09584600478410721,
    "baseline_val_loss": 0.7216030955314636,
    "baseline_val_mse": 0.7216030955314636,
    "baseline_val_mae": 0.3509775698184967,
    "baseline_val_msle": 0.08679922670125961,
    "baseline_test_loss": 0.43381795287132263,
    "baseline_test_mse": 0.43381795287132263,
    "baseline_test_mae": 0.23776358366012573,
    "baseline_test_msle": 0.04970984533429146
}