{
    "num_epochs": 25,
    "dataset": "nygaardsgata__50_25_25__q4_q1__15_16_17_18_19",
    "train_split": 0.5,
    "val_split": 0.25,
    "test_split": 0.25,
    "recurrent_layers": 2,
    "recurrent_units": 64,
    "input_sequence_len": 24,
    "batch_size": 256,
    "optimizer": "adam",
    "loss": "mse",
    "learning_rate": 0.001,
    "recurrent_cell": "lstm",
    "output_sequence_len": 48,
    "__timestamp__": 20201112175938,
    "verbose": 0,
    "epochs": 300,
    "steps": 34,
    "trainable_params": 58416,
    "non_trainable_params": 0.0,
    "total_params": 58416.0,
    "final_train_loss": 0.8191764950752258,
    "final_train_mse": 0.7603302001953125,
    "final_train_mae": 0.4900839626789093,
    "final_train_msle": 0.11361407488584518,
    "final_val_loss": 0.8078538775444031,
    "final_val_mse": 0.7490076422691345,
    "final_val_mae": 0.5041099786758423,
    "final_val_msle": 0.0954447090625763,
    "final_test_loss": 0.5566204786300659,
    "final_test_mse": 0.49777430295944214,
    "final_test_mae": 0.36174866557121277,
    "final_test_msle": 0.056602843105793,
    "baseline_train_loss": 1.3491624593734741,
    "baseline_train_mse": 1.0669188499450684,
    "baseline_train_mae": 0.5405241250991821,
    "baseline_train_msle": 0.14332149922847748,
    "baseline_val_loss": 1.2408053874969482,
    "baseline_val_mse": 1.2408053874969482,
    "baseline_val_mae": 0.529384970664978,
    "baseline_val_msle": 0.14988090097904205,
    "baseline_test_loss": 0.7522069811820984,
    "baseline_test_mse": 0.7522069811820984,
    "baseline_test_mae": 0.3503090441226959,
    "baseline_test_msle": 0.0829886794090271
}