{
    "num_epochs": 21,
    "train_split": 0.5,
    "val_split": 0.25,
    "test_split": 0.25,
    "recurrent_layers": 3,
    "recurrent_units": 64,
    "input_sequence_len": 48,
    "output_sequence_len": 24,
    "batch_size": 256,
    "optimizer": "adam",
    "loss": "mse",
    "learning_rate": 0.00031622776601683794,
    "recurrent_cell": "lstm",
    "__timestamp__": 20201112053142,
    "verbose": 0,
    "epochs": 300,
    "steps": 69,
    "trainable_params": 89880,
    "non_trainable_params": 0.0,
    "total_params": 89880.0,
    "final_train_loss": 0.8812118172645569,
    "final_train_mse": 0.8812118172645569,
    "final_train_mae": 0.5030840635299683,
    "final_train_msle": 0.12517482042312622,
    "final_val_loss": 0.6598294973373413,
    "final_val_mse": 0.6598294973373413,
    "final_val_mae": 0.48488926887512207,
    "final_val_msle": 0.07270097732543945,
    "final_test_loss": 0.4769894480705261,
    "final_test_mse": 0.4769894480705261,
    "final_test_mae": 0.4215148389339447,
    "final_test_msle": 0.045862454921007156,
    "baseline_train_loss": 1.0431287288665771,
    "baseline_train_mse": 0.8549279570579529,
    "baseline_train_mae": 0.461489200592041,
    "baseline_train_msle": 0.10518214106559753,
    "baseline_val_loss": 0.9037783741950989,
    "baseline_val_mse": 0.9037783741950989,
    "baseline_val_mae": 0.39553508162498474,
    "baseline_val_msle": 0.1048460379242897,
    "baseline_test_loss": 0.5612934827804565,
    "baseline_test_mse": 0.5612934827804565,
    "baseline_test_mae": 0.2651320993900299,
    "baseline_test_msle": 0.060863640159368515
}