{
    "num_epochs": 47,
    "input_sequence_len": 24,
    "output_sequence_len": 12,
    "train_split": 0.7,
    "val_split": 0.2,
    "test_split": 0.1,
    "recurrent_layers": 2,
    "recurrent_units": 128,
    "batch_size": 256,
    "loss": "mse",
    "learning_rate": 0.001,
    "recurrent_cell": "lstm",
    "optimizer": "adam",
    "__timestamp__": 20201111174210,
    "verbose": 2,
    "epochs": 1000,
    "steps": 112,
    "trainable_params": 210444,
    "non_trainable_params": 0.0,
    "total_params": 210444.0,
    "final_val_loss": 0.36320868134498596,
    "final_val_mse": 0.36320868134498596,
    "final_val_mae": 0.27461734414100647,
    "final_val_msle": 0.0474410243332386,
    "final_test_loss": 0.6407802104949951,
    "final_test_mse": 0.6407802700996399,
    "final_test_mae": 0.35645079612731934,
    "final_test_msle": 0.07728266716003418
}