{
    "num_epochs": 300,
    "dataset": "nygaardsgata__50_25_25__q4_q1__15_16_17_18_19",
    "train_split": 0.5,
    "val_split": 0.25,
    "test_split": 0.25,
    "recurrent_layers": 3,
    "recurrent_units": 128,
    "input_sequence_len": 24,
    "batch_size": 256,
    "optimizer": "sgd",
    "loss": "mae",
    "learning_rate": 0.00031622776601683794,
    "recurrent_cell": "lstm",
    "output_sequence_len": 48,
    "__timestamp__": 20201112190330,
    "verbose": 0,
    "epochs": 300,
    "steps": 34,
    "trainable_params": 346672,
    "non_trainable_params": 0.0,
    "total_params": 346672.0,
    "final_train_loss": 4.598477363586426,
    "final_train_mse": 1.0002868175506592,
    "final_train_mae": 0.608100414276123,
    "final_train_msle": 0.16654808819293976,
    "final_val_loss": 4.579060077667236,
    "final_val_mse": 0.7824642062187195,
    "final_val_mae": 0.588683009147644,
    "final_val_msle": 0.09177111089229584,
    "final_test_loss": 4.498366355895996,
    "final_test_mse": 0.562152624130249,
    "final_test_mae": 0.5079891681671143,
    "final_test_msle": 0.052725329995155334,
    "baseline_train_loss": 0.629180371761322,
    "baseline_train_mse": 1.0882608890533447,
    "baseline_train_mae": 0.5890042781829834,
    "baseline_train_msle": 0.1420360654592514,
    "baseline_val_loss": 0.529384970664978,
    "baseline_val_mse": 1.2408053874969482,
    "baseline_val_mae": 0.529384970664978,
    "baseline_val_msle": 0.14988090097904205,
    "baseline_test_loss": 0.3503090441226959,
    "baseline_test_mse": 0.7522069811820984,
    "baseline_test_mae": 0.3503090441226959,
    "baseline_test_msle": 0.0829886794090271
}