{
    "num_epochs": 20,
    "dataset": "nygaardsgata__50_25_25__q4_q1__15_16_17_18_19",
    "train_split": 0.5,
    "val_split": 0.25,
    "test_split": 0.25,
    "batch_size": 256,
    "learning_rate": 3.1622776601683795e-05,
    "recurrent_cell": "lstm",
    "recurrent_layers": 3,
    "recurrent_units": 64,
    "input_sequence_len": 48,
    "output_sequence_len": 24,
    "optimizer": "adam",
    "loss": "mse",
    "__timestamp__": 20201112165219,
    "verbose": 1,
    "epochs": 300,
    "steps": 34,
    "trainable_params": 89880,
    "non_trainable_params": 0.0,
    "total_params": 89880.0,
    "final_train_loss": 0.9591187834739685,
    "final_train_mse": 0.9591187834739685,
    "final_train_mae": 0.6161795854568481,
    "final_train_msle": 0.14883090555667877,
    "final_val_loss": 0.8069903254508972,
    "final_val_mse": 0.8069903254508972,
    "final_val_mae": 0.6311208605766296,
    "final_val_msle": 0.08866636455059052,
    "final_test_loss": 0.5894033908843994,
    "final_test_mse": 0.5894033908843994,
    "final_test_mae": 0.5500161647796631,
    "final_test_msle": 0.051812466233968735,
    "baseline_train_loss": 1.1577506065368652,
    "baseline_train_mse": 0.9693377614021301,
    "baseline_train_mae": 0.5610230565071106,
    "baseline_train_msle": 0.12364707887172699,
    "baseline_val_loss": 1.0674856901168823,
    "baseline_val_mse": 1.0674856901168823,
    "baseline_val_mae": 0.4786489009857178,
    "baseline_val_msle": 0.1324734091758728,
    "baseline_test_loss": 0.6259109973907471,
    "baseline_test_mse": 0.6259109973907471,
    "baseline_test_mae": 0.31203147768974304,
    "baseline_test_msle": 0.07032673805952072
}