{
    "num_epochs": 32,
    "input_sequence_len": 36,
    "output_sequence_len": 12,
    "train_split": 0.7,
    "val_split": 0.2,
    "test_split": 0.1,
    "recurrent_layers": 4,
    "recurrent_units": 128,
    "batch_size": 32,
    "loss": "mse",
    "learning_rate": 3.1622776601683795e-05,
    "recurrent_cell": "lstm",
    "optimizer": "adam",
    "__timestamp__": 20201111175504,
    "verbose": 2,
    "epochs": 1000,
    "steps": 895,
    "trainable_params": 473612,
    "non_trainable_params": 0.0,
    "total_params": 473612.0,
    "final_val_loss": 0.4697995185852051,
    "final_val_mse": 0.4697995185852051,
    "final_val_mae": 0.36303746700286865,
    "final_val_msle": 0.06137978658080101,
    "final_test_loss": 0.6229732036590576,
    "final_test_mse": 0.6229732036590576,
    "final_test_mae": 0.32364341616630554,
    "final_test_msle": 0.08533474802970886
}