{
    "num_epochs": 84,
    "dataset": "nygaardsgata__50_25_25__q4_q1__15_16_17_18_19",
    "train_split": 0.5,
    "val_split": 0.25,
    "test_split": 0.25,
    "recurrent_cell": "lstm",
    "recurrent_layers": 3,
    "recurrent_units": 64,
    "input_sequence_len": 24,
    "output_sequence_len": 24,
    "batch_size": 256,
    "optimizer": "sgd",
    "loss": "mse",
    "learning_rate": 0.0031622776601683794,
    "__timestamp__": 20201112170055,
    "verbose": 1,
    "epochs": 300,
    "steps": 34,
    "trainable_params": 89880,
    "non_trainable_params": 0.0,
    "total_params": 89880.0,
    "final_train_loss": 1.0255833864212036,
    "final_train_mse": 1.0012767314910889,
    "final_train_mae": 0.6331847906112671,
    "final_train_msle": 0.169104665517807,
    "final_val_loss": 0.8226475715637207,
    "final_val_mse": 0.7983404994010925,
    "final_val_mae": 0.6219697594642639,
    "final_val_msle": 0.09222882241010666,
    "final_test_loss": 0.6263019442558289,
    "final_test_mse": 0.601995050907135,
    "final_test_mae": 0.5660231113433838,
    "final_test_msle": 0.052509963512420654,
    "baseline_train_loss": 1.154706358909607,
    "baseline_train_mse": 0.971133828163147,
    "baseline_train_mae": 0.5656205415725708,
    "baseline_train_msle": 0.12351881712675095,
    "baseline_val_loss": 1.0616035461425781,
    "baseline_val_mse": 1.0616035461425781,
    "baseline_val_mae": 0.4763636589050293,
    "baseline_val_msle": 0.13173863291740417,
    "baseline_test_loss": 0.6229619979858398,
    "baseline_test_mse": 0.6229619979858398,
    "baseline_test_mae": 0.31169426441192627,
    "baseline_test_msle": 0.06994016468524933
}