{
    "num_epochs": 300,
    "dataset": "nygaardsgata__50_25_25__q4_q1__15_16_17_18_19",
    "train_split": 0.5,
    "val_split": 0.25,
    "test_split": 0.25,
    "recurrent_layers": 4,
    "recurrent_units": 64,
    "input_sequence_len": 24,
    "batch_size": 128,
    "optimizer": "sgd",
    "loss": "mae",
    "learning_rate": 3.1622776601683795e-05,
    "recurrent_cell": "lstm",
    "output_sequence_len": 48,
    "__timestamp__": 20201112172003,
    "verbose": 0,
    "epochs": 300,
    "steps": 68,
    "trainable_params": 124464,
    "non_trainable_params": 0.0,
    "total_params": 124464.0,
    "final_train_loss": 4.014371871948242,
    "final_train_mse": 1.0054570436477661,
    "final_train_mae": 0.6305937170982361,
    "final_train_msle": 0.1652694195508957,
    "final_val_loss": 4.000844478607178,
    "final_val_mse": 0.7989566922187805,
    "final_val_mae": 0.617065966129303,
    "final_val_msle": 0.09093287587165833,
    "final_test_loss": 3.9433860778808594,
    "final_test_mse": 0.6002553105354309,
    "final_test_mae": 0.559607982635498,
    "final_test_msle": 0.052190471440553665,
    "baseline_train_loss": 0.629180371761322,
    "baseline_train_mse": 1.1008920669555664,
    "baseline_train_mae": 0.6061164140701294,
    "baseline_train_msle": 0.14185871183872223,
    "baseline_val_loss": 0.5293849110603333,
    "baseline_val_mse": 1.2408055067062378,
    "baseline_val_mae": 0.5293849110603333,
    "baseline_val_msle": 0.14988090097904205,
    "baseline_test_loss": 0.3503090441226959,
    "baseline_test_mse": 0.7522069811820984,
    "baseline_test_mae": 0.3503090441226959,
    "baseline_test_msle": 0.0829886868596077
}