{
    "num_epochs": 219,
    "train_split": 0.5,
    "val_split": 0.25,
    "test_split": 0.25,
    "recurrent_layers": 4,
    "recurrent_units": 32,
    "input_sequence_len": 12,
    "output_sequence_len": 12,
    "batch_size": 128,
    "optimizer": "sgd",
    "loss": "mse",
    "learning_rate": 0.00031622776601683794,
    "recurrent_cell": "lstm",
    "__timestamp__": 20201112060911,
    "verbose": 0,
    "epochs": 300,
    "steps": 137,
    "trainable_params": 32396,
    "non_trainable_params": 0.0,
    "total_params": 32396.0,
    "final_train_loss": 0.8467938303947449,
    "final_train_mse": 0.8467938303947449,
    "final_train_mae": 0.502344012260437,
    "final_train_msle": 0.11263296008110046,
    "final_val_loss": 0.644801139831543,
    "final_val_mse": 0.644801139831543,
    "final_val_mae": 0.4717544615268707,
    "final_val_msle": 0.07363785058259964,
    "final_test_loss": 0.44831743836402893,
    "final_test_mse": 0.44831743836402893,
    "final_test_mae": 0.37804150581359863,
    "final_test_msle": 0.045533690601587296,
    "baseline_train_loss": 0.9069643020629883,
    "baseline_train_mse": 0.7542162537574768,
    "baseline_train_mae": 0.41516613960266113,
    "baseline_train_msle": 0.09176308661699295,
    "baseline_val_loss": 0.7090476155281067,
    "baseline_val_mse": 0.7090476155281067,
    "baseline_val_mae": 0.34644240140914917,
    "baseline_val_msle": 0.08525047451257706,
    "baseline_test_loss": 0.42662838101387024,
    "baseline_test_mse": 0.42662838101387024,
    "baseline_test_mae": 0.23522251844406128,
    "baseline_test_msle": 0.048840172588825226
}