{
    "num_epochs": 27,
    "train_split": 0.5,
    "val_split": 0.25,
    "test_split": 0.25,
    "recurrent_layers": 2,
    "recurrent_units": 32,
    "input_sequence_len": 48,
    "output_sequence_len": 12,
    "batch_size": 128,
    "optimizer": "rmsprop",
    "loss": "mse",
    "learning_rate": 0.001,
    "recurrent_cell": "lstm",
    "__timestamp__": 20201112064025,
    "verbose": 0,
    "epochs": 300,
    "steps": 137,
    "trainable_params": 15756,
    "non_trainable_params": 0.0,
    "total_params": 15756.0,
    "final_train_loss": 0.612665593624115,
    "final_train_mse": 0.612665593624115,
    "final_train_mae": 0.37998300790786743,
    "final_train_msle": 0.08048481494188309,
    "final_val_loss": 0.5554553866386414,
    "final_val_mse": 0.5554553866386414,
    "final_val_mae": 0.3476070463657379,
    "final_val_msle": 0.06947241723537445,
    "final_test_loss": 0.3695153594017029,
    "final_test_mse": 0.3695153594017029,
    "final_test_mae": 0.2886890470981598,
    "final_test_msle": 0.040776629000902176,
    "baseline_train_loss": 0.9086364507675171,
    "baseline_train_mse": 0.7293344736099243,
    "baseline_train_mae": 0.3857307732105255,
    "baseline_train_msle": 0.09036519378423691,
    "baseline_val_loss": 0.7119532227516174,
    "baseline_val_mse": 0.7119532227516174,
    "baseline_val_mae": 0.3476201593875885,
    "baseline_val_msle": 0.08560296893119812,
    "baseline_test_loss": 0.4282415509223938,
    "baseline_test_mse": 0.4282415509223938,
    "baseline_test_mae": 0.23562856018543243,
    "baseline_test_msle": 0.04904022067785263
}