{
    "num_epochs": 108,
    "input_sequence_len": 36,
    "output_sequence_len": 12,
    "train_split": 0.7,
    "val_split": 0.2,
    "test_split": 0.1,
    "recurrent_layers": 2,
    "recurrent_units": 32,
    "batch_size": 256,
    "loss": "mse",
    "learning_rate": 3.1622776601683795e-05,
    "recurrent_cell": "lstm",
    "optimizer": "adam",
    "__timestamp__": 20201111171421,
    "verbose": 2,
    "epochs": 1000,
    "steps": 112,
    "trainable_params": 15756,
    "non_trainable_params": 0.0,
    "total_params": 15756.0,
    "final_val_loss": 0.49474790692329407,
    "final_val_mse": 0.49474790692329407,
    "final_val_mae": 0.3762216866016388,
    "final_val_msle": 0.059784047305583954,
    "final_test_loss": 0.609536349773407,
    "final_test_mse": 0.609536349773407,
    "final_test_mae": 0.3199225664138794,
    "final_test_msle": 0.08008825778961182
}