{
    "num_epochs": 25,
    "dataset": "nygaardsgata__50_25_25__q4_q1__15_16_17_18_19",
    "train_split": 0.5,
    "val_split": 0.25,
    "test_split": 0.25,
    "recurrent_layers": 2,
    "recurrent_units": 32,
    "input_sequence_len": 48,
    "batch_size": 32,
    "optimizer": "adam",
    "loss": "mse",
    "learning_rate": 3.1622776601683795e-05,
    "recurrent_cell": "lstm",
    "output_sequence_len": 48,
    "__timestamp__": 20201112181017,
    "verbose": 0,
    "epochs": 300,
    "steps": 271,
    "trainable_params": 16944,
    "non_trainable_params": 0.0,
    "total_params": 16944.0,
    "final_train_loss": 1.1086281538009644,
    "final_train_mse": 0.9059755206108093,
    "final_train_mae": 0.5862860083580017,
    "final_train_msle": 0.13463479280471802,
    "final_val_loss": 1.0799269676208496,
    "final_val_mse": 0.8772744536399841,
    "final_val_mae": 0.6804208159446716,
    "final_val_msle": 0.10100317001342773,
    "final_test_loss": 0.7775493264198303,
    "final_test_mse": 0.5748971104621887,
    "final_test_mae": 0.5228801369667053,
    "final_test_msle": 0.05531324818730354,
    "baseline_train_loss": 1.352702260017395,
    "baseline_train_mse": 1.0953383445739746,
    "baseline_train_mae": 0.5948168635368347,
    "baseline_train_msle": 0.14331725239753723,
    "baseline_val_loss": 1.2477245330810547,
    "baseline_val_mse": 1.2477245330810547,
    "baseline_val_mae": 0.5319705605506897,
    "baseline_val_msle": 0.15072154998779297,
    "baseline_test_loss": 0.7554007768630981,
    "baseline_test_mse": 0.7554007768630981,
    "baseline_test_mae": 0.3505186140537262,
    "baseline_test_msle": 0.0833626464009285
}