{
    "num_epochs": 26,
    "input_sequence_len": 24,
    "output_sequence_len": 12,
    "train_split": 0.7,
    "val_split": 0.2,
    "test_split": 0.1,
    "recurrent_layers": 4,
    "recurrent_units": 32,
    "batch_size": 128,
    "optimizer": "rmsprop",
    "loss": "mse",
    "learning_rate": 0.00031622776601683794,
    "recurrent_cell": "lstm",
    "__timestamp__": 20201111172908,
    "verbose": 2,
    "epochs": 1000,
    "steps": 224,
    "trainable_params": 32396,
    "non_trainable_params": 0.0,
    "total_params": 32396.0,
    "final_val_loss": 0.4991130530834198,
    "final_val_mse": 0.4991130530834198,
    "final_val_mae": 0.3336302638053894,
    "final_val_msle": 0.05626428499817848,
    "final_test_loss": 0.6285140514373779,
    "final_test_mse": 0.6285140514373779,
    "final_test_mae": 0.32600194215774536,
    "final_test_msle": 0.0835539922118187
}