{
    "num_epochs": 26,
    "input_sequence_len": 48,
    "output_sequence_len": 12,
    "train_split": 0.7,
    "val_split": 0.2,
    "test_split": 0.1,
    "recurrent_layers": 3,
    "recurrent_units": 32,
    "batch_size": 128,
    "loss": "mae",
    "learning_rate": 0.001,
    "recurrent_cell": "lstm",
    "optimizer": "adam",
    "__timestamp__": 20201111180518,
    "verbose": 2,
    "epochs": 1000,
    "steps": 224,
    "trainable_params": 24076,
    "non_trainable_params": 0.0,
    "total_params": 24076.0,
    "final_val_loss": 0.26096951961517334,
    "final_val_mse": 0.49603602290153503,
    "final_val_mae": 0.26096951961517334,
    "final_val_msle": 0.05478157475590706,
    "final_test_loss": 0.38625577092170715,
    "final_test_mse": 0.6980373859405518,
    "final_test_mae": 0.38625577092170715,
    "final_test_msle": 0.08148851990699768
}