{
    "num_epochs": 12,
    "dataset": "nygaardsgata__50_25_25__q4_q1__15_16_17_18_19",
    "train_split": 0.5,
    "val_split": 0.25,
    "test_split": 0.25,
    "recurrent_layers": 2,
    "recurrent_units": 16,
    "input_sequence_len": 48,
    "batch_size": 64,
    "optimizer": "adam",
    "loss": "mae",
    "learning_rate": 0.001,
    "recurrent_cell": "lstm",
    "output_sequence_len": 48,
    "__timestamp__": 20201112191854,
    "verbose": 0,
    "epochs": 300,
    "steps": 136,
    "trainable_params": 5424,
    "non_trainable_params": 0.0,
    "total_params": 5424.0,
    "final_train_loss": 0.6188840270042419,
    "final_train_mse": 1.177146553993225,
    "final_train_mae": 0.5725193619728088,
    "final_train_msle": 0.1687382459640503,
    "final_val_loss": 0.44711682200431824,
    "final_val_mse": 0.7691685557365417,
    "final_val_mae": 0.4007521867752075,
    "final_val_msle": 0.09332072734832764,
    "final_test_loss": 0.32278549671173096,
    "final_test_mse": 0.5096835494041443,
    "final_test_mae": 0.2764209508895874,
    "final_test_msle": 0.05304422974586487,
    "baseline_train_loss": 0.6303903460502625,
    "baseline_train_mse": 1.073760747909546,
    "baseline_train_mae": 0.5132672190666199,
    "baseline_train_msle": 0.14256644248962402,
    "baseline_val_loss": 0.5319706201553345,
    "baseline_val_mse": 1.2477245330810547,
    "baseline_val_mae": 0.5319706201553345,
    "baseline_val_msle": 0.15072159469127655,
    "baseline_test_loss": 0.35051852464675903,
    "baseline_test_mse": 0.7554006576538086,
    "baseline_test_mae": 0.35051852464675903,
    "baseline_test_msle": 0.08336266130208969
}