{
    "num_epochs": 42,
    "input_sequence_len": 12,
    "output_sequence_len": 12,
    "train_split": 0.7,
    "val_split": 0.2,
    "test_split": 0.1,
    "recurrent_layers": 2,
    "recurrent_units": 32,
    "batch_size": 256,
    "loss": "mae",
    "learning_rate": 0.001,
    "recurrent_cell": "lstm",
    "optimizer": "adam",
    "__timestamp__": 20201111173845,
    "verbose": 2,
    "epochs": 1000,
    "steps": 112,
    "trainable_params": 15756,
    "non_trainable_params": 0.0,
    "total_params": 15756.0,
    "final_val_loss": 0.2443150132894516,
    "final_val_mse": 0.4218471050262451,
    "final_val_mae": 0.2443150132894516,
    "final_val_msle": 0.04505447298288345,
    "final_test_loss": 0.3398225009441376,
    "final_test_mse": 0.6301425695419312,
    "final_test_mae": 0.3398225009441376,
    "final_test_msle": 0.07764599472284317
}