{
    "num_epochs": 300,
    "train_split": 0.5,
    "val_split": 0.25,
    "test_split": 0.25,
    "recurrent_layers": 2,
    "recurrent_units": 16,
    "input_sequence_len": 24,
    "output_sequence_len": 48,
    "batch_size": 64,
    "optimizer": "sgd",
    "loss": "mse",
    "learning_rate": 3.1622776601683795e-05,
    "recurrent_cell": "lstm",
    "__timestamp__": 20201112055939,
    "verbose": 0,
    "epochs": 300,
    "steps": 273,
    "trainable_params": 5424,
    "non_trainable_params": 0.0,
    "total_params": 5424.0,
    "final_train_loss": 1.0104585886001587,
    "final_train_mse": 1.0104585886001587,
    "final_train_mae": 0.5980732440948486,
    "final_train_msle": 0.14987915754318237,
    "final_val_loss": 0.6988347172737122,
    "final_val_mse": 0.6988347172737122,
    "final_val_mae": 0.5104089379310608,
    "final_val_msle": 0.07703737914562225,
    "final_test_loss": 0.5376964211463928,
    "final_test_mse": 0.5376964211463928,
    "final_test_mae": 0.4857447147369385,
    "final_test_msle": 0.048319246619939804,
    "baseline_train_loss": 1.2092783451080322,
    "baseline_train_mse": 0.9860254526138306,
    "baseline_train_mae": 0.515632688999176,
    "baseline_train_msle": 0.121225506067276,
    "baseline_val_loss": 1.0470364093780518,
    "baseline_val_mse": 1.0470364093780518,
    "baseline_val_mae": 0.4337511360645294,
    "baseline_val_msle": 0.119822658598423,
    "baseline_test_loss": 0.6659830808639526,
    "baseline_test_mse": 0.6659830808639526,
    "baseline_test_mae": 0.29374825954437256,
    "baseline_test_msle": 0.07129494845867157
}