{
    "num_epochs": 310,
    "input_sequence_len": 48,
    "output_sequence_len": 12,
    "train_split": 0.7,
    "val_split": 0.2,
    "test_split": 0.1,
    "recurrent_layers": 2,
    "recurrent_units": 128,
    "batch_size": 64,
    "optimizer": "sgd",
    "loss": "mae",
    "learning_rate": 0.00031622776601683794,
    "recurrent_cell": "lstm",
    "__timestamp__": 20201111175333,
    "verbose": 2,
    "epochs": 1000,
    "steps": 448,
    "trainable_params": 210444,
    "non_trainable_params": 0.0,
    "total_params": 210444.0,
    "final_val_loss": 0.24659164249897003,
    "final_val_mse": 0.46567049622535706,
    "final_val_mae": 0.24659164249897003,
    "final_val_msle": 0.050798945128917694,
    "final_test_loss": 0.3135208189487457,
    "final_test_mse": 0.6070323586463928,
    "final_test_mae": 0.3135208189487457,
    "final_test_msle": 0.07574920356273651
}