{
    "num_epochs": 81,
    "input_sequence_len": 24,
    "output_sequence_len": 12,
    "train_split": 0.7,
    "val_split": 0.2,
    "test_split": 0.1,
    "recurrent_layers": 4,
    "recurrent_units": 32,
    "batch_size": 256,
    "loss": "mse",
    "learning_rate": 3.1622776601683795e-05,
    "recurrent_cell": "lstm",
    "optimizer": "adam",
    "__timestamp__": 20201111184310,
    "verbose": 2,
    "epochs": 1000,
    "steps": 112,
    "trainable_params": 32396,
    "non_trainable_params": 0.0,
    "total_params": 32396.0,
    "final_val_loss": 0.5062126517295837,
    "final_val_mse": 0.5062126517295837,
    "final_val_mae": 0.3506714701652527,
    "final_val_msle": 0.06091485545039177,
    "final_test_loss": 0.6646387577056885,
    "final_test_mse": 0.6646387577056885,
    "final_test_mae": 0.342424601316452,
    "final_test_msle": 0.08556068688631058
}