{
    "num_epochs": 5,
    "input_sequence_len": 24,
    "output_sequence_len": 12,
    "train_split": 0.7,
    "val_split": 0.2,
    "test_split": 0.1,
    "recurrent_units": 64,
    "recurrent_cell": "lstm",
    "recurrent_layers": 2,
    "batch_size": 32,
    "optimizer": "adam",
    "loss": "mse",
    "learning_rate": 0.001,
    "__timestamp__": 20201111153733,
    "verbose": 1,
    "epochs": 5,
    "steps": 895,
    "trainable_params": 56076,
    "non_trainable_params": 0.0,
    "total_params": 56076.0,
    "final_val_loss": 0.46729883551597595,
    "final_val_mse": 0.46729883551597595,
    "final_val_mae": 0.33355575799942017,
    "final_val_msle": 0.06556275486946106,
    "final_test_loss": 0.6855876445770264,
    "final_test_mse": 0.6855876445770264,
    "final_test_mae": 0.3942532539367676,
    "final_test_msle": 0.08917389810085297
}