{
    "num_epochs": 24,
    "input_sequence_len": 24,
    "output_sequence_len": 12,
    "train_split": 0.7,
    "val_split": 0.2,
    "test_split": 0.1,
    "recurrent_layers": 2,
    "recurrent_units": 64,
    "batch_size": 128,
    "loss": "mae",
    "learning_rate": 0.00031622776601683794,
    "recurrent_cell": "lstm",
    "optimizer": "adam",
    "__timestamp__": 20201111172017,
    "verbose": 2,
    "epochs": 1000,
    "steps": 224,
    "trainable_params": 56076,
    "non_trainable_params": 0.0,
    "total_params": 56076.0,
    "final_val_loss": 0.2594841718673706,
    "final_val_mse": 0.4813768267631531,
    "final_val_mae": 0.2594841718673706,
    "final_val_msle": 0.05294431000947952,
    "final_test_loss": 0.3163439929485321,
    "final_test_mse": 0.596125602722168,
    "final_test_mae": 0.3163439929485321,
    "final_test_msle": 0.0742141529917717
}