{
    "num_epochs": 28,
    "dataset": "nygaardsgata__50_25_25__q4_q1__15_16_17_18_19",
    "train_split": 0.5,
    "val_split": 0.25,
    "test_split": 0.25,
    "recurrent_layers": 3,
    "recurrent_units": 64,
    "input_sequence_len": 48,
    "batch_size": 32,
    "optimizer": "adam",
    "loss": "mae",
    "learning_rate": 0.00031622776601683794,
    "recurrent_cell": "lstm",
    "output_sequence_len": 48,
    "__timestamp__": 20201112174048,
    "verbose": 0,
    "epochs": 300,
    "steps": 271,
    "trainable_params": 91440,
    "non_trainable_params": 0.0,
    "total_params": 91440.0,
    "final_train_loss": 0.5718900561332703,
    "final_train_mse": 1.0969619750976562,
    "final_train_mae": 0.5543744564056396,
    "final_train_msle": 0.1506579965353012,
    "final_val_loss": 0.41425827145576477,
    "final_val_mse": 0.816520094871521,
    "final_val_mae": 0.3967425525188446,
    "final_val_msle": 0.0946371778845787,
    "final_test_loss": 0.29430750012397766,
    "final_test_mse": 0.5224521160125732,
    "final_test_mae": 0.2767918109893799,
    "final_test_msle": 0.05370904877781868,
    "baseline_train_loss": 0.6303903460502625,
    "baseline_train_mse": 1.0779850482940674,
    "baseline_train_mae": 0.513390064239502,
    "baseline_train_msle": 0.14278644323349,
    "baseline_val_loss": 0.5319705605506897,
    "baseline_val_mse": 1.2477245330810547,
    "baseline_val_mae": 0.5319705605506897,
    "baseline_val_msle": 0.15072154998779297,
    "baseline_test_loss": 0.3505186140537262,
    "baseline_test_mse": 0.7554007768630981,
    "baseline_test_mae": 0.3505186140537262,
    "baseline_test_msle": 0.0833626464009285
}