{
    "num_epochs": 35,
    "input_sequence_len": 48,
    "output_sequence_len": 12,
    "train_split": 0.7,
    "val_split": 0.2,
    "test_split": 0.1,
    "recurrent_layers": 2,
    "recurrent_units": 128,
    "batch_size": 128,
    "optimizer": "rmsprop",
    "loss": "mse",
    "learning_rate": 3.1622776601683795e-05,
    "recurrent_cell": "lstm",
    "__timestamp__": 20201111164632,
    "verbose": 2,
    "epochs": 1000,
    "steps": 224,
    "trainable_params": 210444,
    "non_trainable_params": 0.0,
    "total_params": 210444.0,
    "final_val_loss": 0.4677441418170929,
    "final_val_mse": 0.4677441418170929,
    "final_val_mae": 0.35336801409721375,
    "final_val_msle": 0.052424050867557526,
    "final_test_loss": 0.5838679075241089,
    "final_test_mse": 0.5838679075241089,
    "final_test_mae": 0.32046252489089966,
    "final_test_msle": 0.07543695718050003
}