{
    "num_epochs": 31,
    "dataset": "nygaardsgata__50_25_25__q4_q1__15_16_17_18_19",
    "train_split": 0.5,
    "val_split": 0.25,
    "test_split": 0.25,
    "recurrent_layers": 3,
    "recurrent_units": 128,
    "input_sequence_len": 48,
    "batch_size": 128,
    "optimizer": "adam",
    "loss": "mae",
    "learning_rate": 0.00031622776601683794,
    "recurrent_cell": "lstm",
    "output_sequence_len": 48,
    "__timestamp__": 20201112172945,
    "verbose": 0,
    "epochs": 300,
    "steps": 68,
    "trainable_params": 346672,
    "non_trainable_params": 0.0,
    "total_params": 346672.0,
    "final_train_loss": 0.5384771823883057,
    "final_train_mse": 0.9754441976547241,
    "final_train_mae": 0.5089840292930603,
    "final_train_msle": 0.13717961311340332,
    "final_val_loss": 0.47472718358039856,
    "final_val_mse": 0.8295354843139648,
    "final_val_mae": 0.44523411989212036,
    "final_val_msle": 0.0961114838719368,
    "final_test_loss": 0.31287696957588196,
    "final_test_mse": 0.5199862122535706,
    "final_test_mae": 0.2833838164806366,
    "final_test_msle": 0.05366760492324829,
    "baseline_train_loss": 0.6303902268409729,
    "baseline_train_mse": 1.077169418334961,
    "baseline_train_mae": 0.515571117401123,
    "baseline_train_msle": 0.1427726447582245,
    "baseline_val_loss": 0.5319706201553345,
    "baseline_val_mse": 1.247724175453186,
    "baseline_val_mae": 0.5319706201553345,
    "baseline_val_msle": 0.15072154998779297,
    "baseline_test_loss": 0.3505185842514038,
    "baseline_test_mse": 0.7554007172584534,
    "baseline_test_mae": 0.3505185842514038,
    "baseline_test_msle": 0.08336266130208969
}