{
    "num_epochs": 300,
    "dataset": "nygaardsgata__50_25_25__q4_q1__15_16_17_18_19",
    "train_split": 0.5,
    "val_split": 0.25,
    "test_split": 0.25,
    "recurrent_layers": 2,
    "recurrent_units": 64,
    "input_sequence_len": 24,
    "batch_size": 256,
    "optimizer": "sgd",
    "loss": "mse",
    "learning_rate": 3.1622776601683795e-05,
    "recurrent_cell": "lstm",
    "output_sequence_len": 48,
    "__timestamp__": 20201112191124,
    "verbose": 0,
    "epochs": 300,
    "steps": 34,
    "trainable_params": 58416,
    "non_trainable_params": 0.0,
    "total_params": 58416.0,
    "final_train_loss": 2.4235122203826904,
    "final_train_mse": 1.0218387842178345,
    "final_train_mae": 0.6412239670753479,
    "final_train_msle": 0.15926042199134827,
    "final_val_loss": 2.2169976234436035,
    "final_val_mse": 0.8153242468833923,
    "final_val_mae": 0.6196638345718384,
    "final_val_msle": 0.09148727357387543,
    "final_test_loss": 2.0274744033813477,
    "final_test_mse": 0.6258010864257812,
    "final_test_mae": 0.5703788995742798,
    "final_test_msle": 0.05598430335521698,
    "baseline_train_loss": 1.3491624593734741,
    "baseline_train_mse": 1.109360933303833,
    "baseline_train_mae": 0.609687089920044,
    "baseline_train_msle": 0.14311644434928894,
    "baseline_val_loss": 1.2408053874969482,
    "baseline_val_mse": 1.2408053874969482,
    "baseline_val_mae": 0.529384970664978,
    "baseline_val_msle": 0.14988090097904205,
    "baseline_test_loss": 0.7522069811820984,
    "baseline_test_mse": 0.7522069811820984,
    "baseline_test_mae": 0.3503090441226959,
    "baseline_test_msle": 0.0829886794090271
}