{
    "num_epochs": 25,
    "train_split": 0.5,
    "val_split": 0.25,
    "test_split": 0.25,
    "recurrent_layers": 2,
    "recurrent_units": 16,
    "input_sequence_len": 12,
    "output_sequence_len": 48,
    "batch_size": 256,
    "optimizer": "rmsprop",
    "loss": "mse",
    "learning_rate": 0.00031622776601683794,
    "recurrent_cell": "lstm",
    "__timestamp__": 20201112055727,
    "verbose": 0,
    "epochs": 300,
    "steps": 69,
    "trainable_params": 5424,
    "non_trainable_params": 0.0,
    "total_params": 5424.0,
    "final_train_loss": 0.8975977897644043,
    "final_train_mse": 0.8975977897644043,
    "final_train_mae": 0.5148926377296448,
    "final_train_msle": 0.1285649687051773,
    "final_val_loss": 0.6803733110427856,
    "final_val_mse": 0.6803733110427856,
    "final_val_mae": 0.504034161567688,
    "final_val_msle": 0.07631193101406097,
    "final_test_loss": 0.506304919719696,
    "final_test_mse": 0.506304919719696,
    "final_test_mae": 0.44868478178977966,
    "final_test_msle": 0.047508180141448975,
    "baseline_train_loss": 1.2084985971450806,
    "baseline_train_mse": 0.9749616384506226,
    "baseline_train_mae": 0.5031520128250122,
    "baseline_train_msle": 0.12086762487888336,
    "baseline_val_loss": 1.0456018447875977,
    "baseline_val_mse": 1.0456018447875977,
    "baseline_val_mae": 0.43323662877082825,
    "baseline_val_msle": 0.11965746432542801,
    "baseline_test_loss": 0.6651186943054199,
    "baseline_test_mse": 0.6651186943054199,
    "baseline_test_mae": 0.2935386598110199,
    "baseline_test_msle": 0.07119738310575485
}