{
    "num_epochs": 300,
    "dataset": "nygaardsgata__50_25_25__q4_q1__15_16_17_18_19",
    "train_split": 0.5,
    "val_split": 0.25,
    "test_split": 0.25,
    "recurrent_layers": 3,
    "recurrent_units": 64,
    "input_sequence_len": 24,
    "batch_size": 128,
    "optimizer": "sgd",
    "loss": "mse",
    "learning_rate": 3.1622776601683795e-05,
    "recurrent_cell": "lstm",
    "output_sequence_len": 48,
    "__timestamp__": 20201112185328,
    "verbose": 0,
    "epochs": 300,
    "steps": 68,
    "trainable_params": 91440,
    "non_trainable_params": 0.0,
    "total_params": 91440.0,
    "final_train_loss": 3.4161369800567627,
    "final_train_mse": 1.0075531005859375,
    "final_train_mae": 0.6349654793739319,
    "final_train_msle": 0.16142632067203522,
    "final_val_loss": 3.214646339416504,
    "final_val_mse": 0.8060626983642578,
    "final_val_mae": 0.6195997595787048,
    "final_val_msle": 0.09089066088199615,
    "final_test_loss": 3.011725425720215,
    "final_test_mse": 0.6031416058540344,
    "final_test_mae": 0.5580562353134155,
    "final_test_msle": 0.05271875485777855,
    "baseline_train_loss": 1.3491624593734741,
    "baseline_train_mse": 1.1018489599227905,
    "baseline_train_mae": 0.6056020259857178,
    "baseline_train_msle": 0.14203384518623352,
    "baseline_val_loss": 1.2408055067062378,
    "baseline_val_mse": 1.2408055067062378,
    "baseline_val_mae": 0.5293849110603333,
    "baseline_val_msle": 0.14988090097904205,
    "baseline_test_loss": 0.7522069811820984,
    "baseline_test_mse": 0.7522069811820984,
    "baseline_test_mae": 0.3503090441226959,
    "baseline_test_msle": 0.0829886868596077
}