{
    "num_epochs": 11,
    "dataset": "nygaardsgata__50_25_25__q4_q1__15_16_17_18_19",
    "train_split": 0.5,
    "val_split": 0.25,
    "test_split": 0.25,
    "recurrent_cell": "lstm",
    "recurrent_layers": 3,
    "recurrent_units": 64,
    "input_sequence_len": 48,
    "output_sequence_len": 24,
    "batch_size": 64,
    "optimizer": "adam",
    "loss": "mse",
    "learning_rate": 0.001,
    "__timestamp__": 20201112164911,
    "verbose": 1,
    "epochs": 300,
    "steps": 136,
    "trainable_params": 89880,
    "non_trainable_params": 0.0,
    "total_params": 89880.0,
    "final_train_loss": 1.0199193954467773,
    "final_train_mse": 1.0199193954467773,
    "final_train_mae": 0.5622623562812805,
    "final_train_msle": 0.1654200255870819,
    "final_val_loss": 0.6891058087348938,
    "final_val_mse": 0.6891058087348938,
    "final_val_mae": 0.459952175617218,
    "final_val_msle": 0.08935907483100891,
    "final_test_loss": 0.46524301171302795,
    "final_test_mse": 0.46524301171302795,
    "final_test_mae": 0.35439085960388184,
    "final_test_msle": 0.050263240933418274,
    "baseline_train_loss": 1.1577506065368652,
    "baseline_train_mse": 0.9281772971153259,
    "baseline_train_mae": 0.4961712062358856,
    "baseline_train_msle": 0.12313348054885864,
    "baseline_val_loss": 1.0674858093261719,
    "baseline_val_mse": 1.0674858093261719,
    "baseline_val_mae": 0.4786487817764282,
    "baseline_val_msle": 0.1324734091758728,
    "baseline_test_loss": 0.6259111166000366,
    "baseline_test_mse": 0.6259111166000366,
    "baseline_test_mae": 0.31203144788742065,
    "baseline_test_msle": 0.07032673060894012
}