{
    "num_epochs": 197,
    "input_sequence_len": 12,
    "output_sequence_len": 12,
    "train_split": 0.7,
    "val_split": 0.2,
    "test_split": 0.1,
    "recurrent_layers": 3,
    "recurrent_units": 64,
    "batch_size": 128,
    "optimizer": "sgd",
    "loss": "mae",
    "learning_rate": 0.00031622776601683794,
    "recurrent_cell": "lstm",
    "__timestamp__": 20201111171101,
    "verbose": 2,
    "epochs": 1000,
    "steps": 224,
    "trainable_params": 89100,
    "non_trainable_params": 0.0,
    "total_params": 89100.0,
    "final_val_loss": 0.25505760312080383,
    "final_val_mse": 0.4966910183429718,
    "final_val_mae": 0.25505760312080383,
    "final_val_msle": 0.055281464010477066,
    "final_test_loss": 0.3468281328678131,
    "final_test_mse": 0.6646430492401123,
    "final_test_mae": 0.3468281328678131,
    "final_test_msle": 0.08287855982780457
}