{
    "num_epochs": 30,
    "input_sequence_len": 12,
    "output_sequence_len": 12,
    "train_split": 0.7,
    "val_split": 0.2,
    "test_split": 0.1,
    "recurrent_layers": 3,
    "recurrent_units": 64,
    "batch_size": 32,
    "loss": "mse",
    "learning_rate": 3.1622776601683795e-05,
    "recurrent_cell": "lstm",
    "optimizer": "adam",
    "__timestamp__": 20201111170641,
    "verbose": 2,
    "epochs": 1000,
    "steps": 895,
    "trainable_params": 89100,
    "non_trainable_params": 0.0,
    "total_params": 89100.0,
    "final_val_loss": 0.4798709750175476,
    "final_val_mse": 0.4798709750175476,
    "final_val_mae": 0.3602687418460846,
    "final_val_msle": 0.05544489249587059,
    "final_test_loss": 0.6123763918876648,
    "final_test_mse": 0.6123763918876648,
    "final_test_mae": 0.3168078660964966,
    "final_test_msle": 0.080767922103405
}