{
    "num_epochs": 50,
    "train_split": 0.5,
    "val_split": 0.25,
    "test_split": 0.25,
    "recurrent_layers": 3,
    "recurrent_units": 16,
    "input_sequence_len": 48,
    "output_sequence_len": 12,
    "batch_size": 128,
    "optimizer": "rmsprop",
    "loss": "mae",
    "learning_rate": 3.1622776601683795e-05,
    "recurrent_cell": "lstm",
    "__timestamp__": 20201112053206,
    "verbose": 0,
    "epochs": 300,
    "steps": 137,
    "trainable_params": 6924,
    "non_trainable_params": 0.0,
    "total_params": 6924.0,
    "final_train_loss": 0.46129709482192993,
    "final_train_mse": 0.9444870352745056,
    "final_train_mae": 0.46129709482192993,
    "final_train_msle": 0.15161360800266266,
    "final_val_loss": 0.3538232147693634,
    "final_val_mse": 0.6133936643600464,
    "final_val_mae": 0.3538232147693634,
    "final_val_msle": 0.07736019790172577,
    "final_test_loss": 0.2852416932582855,
    "final_test_mse": 0.43903255462646484,
    "final_test_mae": 0.2852416932582855,
    "final_test_msle": 0.04790455102920532,
    "baseline_train_loss": 0.43408769369125366,
    "baseline_train_mse": 0.7524546384811401,
    "baseline_train_mae": 0.3845842778682709,
    "baseline_train_msle": 0.09273581951856613,
    "baseline_val_loss": 0.3476201593875885,
    "baseline_val_mse": 0.7119532227516174,
    "baseline_val_mae": 0.3476201593875885,
    "baseline_val_msle": 0.08560296893119812,
    "baseline_test_loss": 0.23562856018543243,
    "baseline_test_mse": 0.4282415509223938,
    "baseline_test_mae": 0.23562856018543243,
    "baseline_test_msle": 0.04904022067785263
}