{
    "num_epochs": 17,
    "train_split": 0.5,
    "val_split": 0.25,
    "test_split": 0.25,
    "recurrent_cell": "lstm",
    "recurrent_layers": 3,
    "recurrent_units": 64,
    "input_sequence_len": 168,
    "output_sequence_len": 12,
    "batch_size": 64,
    "optimizer": "adam",
    "loss": "mse",
    "learning_rate": 0.001,
    "__timestamp__": 20201112143530,
    "verbose": 0,
    "epochs": 300,
    "steps": 272,
    "trainable_params": 89100,
    "non_trainable_params": 0.0,
    "total_params": 89100.0,
    "final_train_loss": 0.6040633916854858,
    "final_train_mse": 0.6040633916854858,
    "final_train_mae": 0.3982509672641754,
    "final_train_msle": 0.0890292152762413,
    "final_val_loss": 0.5348057150840759,
    "final_val_mse": 0.5348057150840759,
    "final_val_mae": 0.3407716751098633,
    "final_val_msle": 0.06978850811719894,
    "final_test_loss": 0.3622857928276062,
    "final_test_mse": 0.3622857928276062,
    "final_test_mae": 0.26947811245918274,
    "final_test_msle": 0.044438522309064865,
    "baseline_train_loss": 0.9146643877029419,
    "baseline_train_mse": 0.7318090796470642,
    "baseline_train_mae": 0.3810676634311676,
    "baseline_train_msle": 0.0922214686870575,
    "baseline_val_loss": 0.7216030955314636,
    "baseline_val_mse": 0.7216030955314636,
    "baseline_val_mae": 0.3509775698184967,
    "baseline_val_msle": 0.08679922670125961,
    "baseline_test_loss": 0.43381795287132263,
    "baseline_test_mse": 0.43381795287132263,
    "baseline_test_mae": 0.23776358366012573,
    "baseline_test_msle": 0.04970984533429146
}