{
    "num_epochs": 45,
    "train_split": 0.5,
    "val_split": 0.25,
    "test_split": 0.25,
    "recurrent_layers": 3,
    "recurrent_units": 16,
    "input_sequence_len": 12,
    "output_sequence_len": 48,
    "batch_size": 128,
    "optimizer": "rmsprop",
    "loss": "mse",
    "learning_rate": 3.1622776601683795e-05,
    "recurrent_cell": "lstm",
    "__timestamp__": 20201112063542,
    "verbose": 0,
    "epochs": 300,
    "steps": 137,
    "trainable_params": 7536,
    "non_trainable_params": 0.0,
    "total_params": 7536.0,
    "final_train_loss": 0.896547257900238,
    "final_train_mse": 0.896547257900238,
    "final_train_mae": 0.49445512890815735,
    "final_train_msle": 0.13266697525978088,
    "final_val_loss": 0.624347448348999,
    "final_val_mse": 0.624347448348999,
    "final_val_mae": 0.4086436629295349,
    "final_val_msle": 0.0740986317396164,
    "final_test_loss": 0.43498095870018005,
    "final_test_mse": 0.43498095870018005,
    "final_test_mae": 0.3385102450847626,
    "final_test_msle": 0.04662828892469406,
    "baseline_train_loss": 1.2084988355636597,
    "baseline_train_mse": 0.9512407183647156,
    "baseline_train_mae": 0.4665096402168274,
    "baseline_train_msle": 0.12057501077651978,
    "baseline_val_loss": 1.045601725578308,
    "baseline_val_mse": 1.045601725578308,
    "baseline_val_mae": 0.43323662877082825,
    "baseline_val_msle": 0.11965744942426682,
    "baseline_test_loss": 0.6651187539100647,
    "baseline_test_mse": 0.6651187539100647,
    "baseline_test_mae": 0.2935386002063751,
    "baseline_test_msle": 0.07119739055633545
}