{
    "num_epochs": 18,
    "train_split": 0.5,
    "val_split": 0.25,
    "test_split": 0.25,
    "recurrent_cell": "lstm",
    "recurrent_layers": 3,
    "recurrent_units": 64,
    "input_sequence_len": 168,
    "output_sequence_len": 12,
    "batch_size": 64,
    "optimizer": "adam",
    "loss": "mse",
    "learning_rate": 0.001,
    "__timestamp__": 20201112141734,
    "verbose": 0,
    "epochs": 300,
    "steps": 272,
    "trainable_params": 89100,
    "non_trainable_params": 0.0,
    "total_params": 89100.0,
    "final_train_loss": 0.5847809314727783,
    "final_train_mse": 0.5847809314727783,
    "final_train_mae": 0.37918514013290405,
    "final_train_msle": 0.08467784523963928,
    "final_val_loss": 0.5147190093994141,
    "final_val_mse": 0.5147190093994141,
    "final_val_mae": 0.32789522409439087,
    "final_val_msle": 0.066571444272995,
    "final_test_loss": 0.3509594202041626,
    "final_test_mse": 0.3509594202041626,
    "final_test_mae": 0.2553108334541321,
    "final_test_msle": 0.04133232682943344,
    "baseline_train_loss": 0.9146643877029419,
    "baseline_train_mse": 0.728059709072113,
    "baseline_train_mae": 0.37637776136398315,
    "baseline_train_msle": 0.09119321405887604,
    "baseline_val_loss": 0.7216030955314636,
    "baseline_val_mse": 0.7216030955314636,
    "baseline_val_mae": 0.3509775698184967,
    "baseline_val_msle": 0.08679922670125961,
    "baseline_test_loss": 0.43381795287132263,
    "baseline_test_mse": 0.43381795287132263,
    "baseline_test_mae": 0.23776358366012573,
    "baseline_test_msle": 0.04970984533429146
}