{
    "num_epochs": 31,
    "train_split": 0.5,
    "val_split": 0.25,
    "test_split": 0.25,
    "recurrent_layers": 3,
    "recurrent_units": 128,
    "input_sequence_len": 12,
    "output_sequence_len": 12,
    "batch_size": 128,
    "optimizer": "adam",
    "loss": "mae",
    "learning_rate": 0.001,
    "recurrent_cell": "lstm",
    "__timestamp__": 20201112062256,
    "verbose": 0,
    "epochs": 300,
    "steps": 137,
    "trainable_params": 342028,
    "non_trainable_params": 0.0,
    "total_params": 342028.0,
    "final_train_loss": 0.38181978464126587,
    "final_train_mse": 0.6749652028083801,
    "final_train_mae": 0.38181978464126587,
    "final_train_msle": 0.09864765405654907,
    "final_val_loss": 0.2824803292751312,
    "final_val_mse": 0.5104028582572937,
    "final_val_mae": 0.2824803292751312,
    "final_val_msle": 0.06438039988279343,
    "final_test_loss": 0.23052926361560822,
    "final_test_mse": 0.3085361123085022,
    "final_test_mae": 0.23052926361560822,
    "final_test_msle": 0.03711281344294548,
    "baseline_train_loss": 0.43370410799980164,
    "baseline_train_mse": 0.7076632976531982,
    "baseline_train_mae": 0.36603859066963196,
    "baseline_train_msle": 0.08895857632160187,
    "baseline_val_loss": 0.34644240140914917,
    "baseline_val_mse": 0.7090476155281067,
    "baseline_val_mae": 0.34644240140914917,
    "baseline_val_msle": 0.08525047451257706,
    "baseline_test_loss": 0.23522251844406128,
    "baseline_test_mse": 0.42662838101387024,
    "baseline_test_mae": 0.23522251844406128,
    "baseline_test_msle": 0.048840172588825226
}