{
    "num_epochs": 300,
    "train_split": 0.5,
    "val_split": 0.25,
    "test_split": 0.25,
    "recurrent_layers": 2,
    "recurrent_units": 128,
    "input_sequence_len": 48,
    "output_sequence_len": 12,
    "batch_size": 256,
    "optimizer": "sgd",
    "loss": "mse",
    "learning_rate": 3.1622776601683795e-05,
    "recurrent_cell": "lstm",
    "__timestamp__": 20201112052218,
    "verbose": 0,
    "epochs": 300,
    "steps": 69,
    "trainable_params": 210444,
    "non_trainable_params": 0.0,
    "total_params": 210444.0,
    "final_train_loss": 0.8851599097251892,
    "final_train_mse": 0.8851599097251892,
    "final_train_mae": 0.5369853377342224,
    "final_train_msle": 0.12126709520816803,
    "final_val_loss": 0.6810259819030762,
    "final_val_mse": 0.6810259819030762,
    "final_val_mae": 0.5190405249595642,
    "final_val_msle": 0.07494662702083588,
    "final_test_loss": 0.523373007774353,
    "final_test_mse": 0.523373007774353,
    "final_test_mae": 0.48035871982574463,
    "final_test_msle": 0.049549806863069534,
    "baseline_train_loss": 0.9086364507675171,
    "baseline_train_mse": 0.7805047035217285,
    "baseline_train_mae": 0.4494765102863312,
    "baseline_train_msle": 0.0932830199599266,
    "baseline_val_loss": 0.7119531631469727,
    "baseline_val_mse": 0.7119531631469727,
    "baseline_val_mae": 0.3476201891899109,
    "baseline_val_msle": 0.08560296148061752,
    "baseline_test_loss": 0.4282415509223938,
    "baseline_test_mse": 0.4282415509223938,
    "baseline_test_mae": 0.23562858998775482,
    "baseline_test_msle": 0.04904022440314293
}