{
    "num_epochs": 12,
    "dataset": "nygaardsgata__50_25_25__q4_q1__15_16_17_18_19",
    "train_split": 0.5,
    "val_split": 0.25,
    "test_split": 0.25,
    "batch_size": 64,
    "learning_rate": 3.1622776601683795e-05,
    "recurrent_cell": "lstm",
    "recurrent_layers": 3,
    "recurrent_units": 64,
    "input_sequence_len": 48,
    "output_sequence_len": 24,
    "optimizer": "adam",
    "loss": "mse",
    "__timestamp__": 20201112165118,
    "verbose": 1,
    "epochs": 300,
    "steps": 136,
    "trainable_params": 89880,
    "non_trainable_params": 0.0,
    "total_params": 89880.0,
    "final_train_loss": 0.9860397577285767,
    "final_train_mse": 0.9860397577285767,
    "final_train_mae": 0.6249964833259583,
    "final_train_msle": 0.15673810243606567,
    "final_val_loss": 0.817863404750824,
    "final_val_mse": 0.817863404750824,
    "final_val_mae": 0.6368246674537659,
    "final_val_msle": 0.09043867141008377,
    "final_test_loss": 0.6084116101264954,
    "final_test_mse": 0.6084116101264954,
    "final_test_mae": 0.5658450126647949,
    "final_test_msle": 0.05237050727009773,
    "baseline_train_loss": 1.1577506065368652,
    "baseline_train_mse": 0.9756390452384949,
    "baseline_train_mae": 0.5662704110145569,
    "baseline_train_msle": 0.12383206188678741,
    "baseline_val_loss": 1.0674858093261719,
    "baseline_val_mse": 1.0674858093261719,
    "baseline_val_mae": 0.4786487817764282,
    "baseline_val_msle": 0.1324734091758728,
    "baseline_test_loss": 0.6259111166000366,
    "baseline_test_mse": 0.6259111166000366,
    "baseline_test_mae": 0.31203144788742065,
    "baseline_test_msle": 0.07032673060894012
}