{
    "num_epochs": 34,
    "input_sequence_len": 48,
    "output_sequence_len": 12,
    "train_split": 0.7,
    "val_split": 0.2,
    "test_split": 0.1,
    "recurrent_layers": 3,
    "recurrent_units": 128,
    "batch_size": 128,
    "loss": "mse",
    "learning_rate": 0.00031622776601683794,
    "recurrent_cell": "lstm",
    "optimizer": "adam",
    "__timestamp__": 20201111165858,
    "verbose": 2,
    "epochs": 1000,
    "steps": 224,
    "trainable_params": 342028,
    "non_trainable_params": 0.0,
    "total_params": 342028.0,
    "final_val_loss": 0.4270124137401581,
    "final_val_mse": 0.4270124137401581,
    "final_val_mae": 0.31391990184783936,
    "final_val_msle": 0.05497008562088013,
    "final_test_loss": 0.6437509655952454,
    "final_test_mse": 0.6437509655952454,
    "final_test_mae": 0.36145952343940735,
    "final_test_msle": 0.07911078631877899
}