{
    "num_epochs": 300,
    "dataset": "nygaardsgata__50_25_25__q4_q1__15_16_17_18_19",
    "train_split": 0.5,
    "val_split": 0.25,
    "test_split": 0.25,
    "recurrent_layers": 4,
    "recurrent_units": 64,
    "input_sequence_len": 48,
    "batch_size": 32,
    "optimizer": "sgd",
    "loss": "mae",
    "learning_rate": 0.00031622776601683794,
    "recurrent_cell": "lstm",
    "output_sequence_len": 48,
    "__timestamp__": 20201112182523,
    "verbose": 0,
    "epochs": 300,
    "steps": 271,
    "trainable_params": 124464,
    "non_trainable_params": 0.0,
    "total_params": 124464.0,
    "final_train_loss": 1.746468186378479,
    "final_train_mse": 0.9293096661567688,
    "final_train_mae": 0.49293914437294006,
    "final_train_msle": 0.14272843301296234,
    "final_val_loss": 1.7931265830993652,
    "final_val_mse": 0.831713080406189,
    "final_val_mae": 0.539597749710083,
    "final_val_msle": 0.09440593421459198,
    "final_test_loss": 1.5362787246704102,
    "final_test_mse": 0.4874624013900757,
    "final_test_mae": 0.28275004029273987,
    "final_test_msle": 0.052902329713106155,
    "baseline_train_loss": 0.6303903460502625,
    "baseline_train_mse": 1.0664074420928955,
    "baseline_train_mae": 0.5153615474700928,
    "baseline_train_msle": 0.1425195187330246,
    "baseline_val_loss": 0.5319705605506897,
    "baseline_val_mse": 1.2477245330810547,
    "baseline_val_mae": 0.5319705605506897,
    "baseline_val_msle": 0.15072154998779297,
    "baseline_test_loss": 0.3505186140537262,
    "baseline_test_mse": 0.7554007768630981,
    "baseline_test_mae": 0.3505186140537262,
    "baseline_test_msle": 0.0833626464009285
}