{
    "num_epochs": 25,
    "train_split": 0.5,
    "val_split": 0.25,
    "test_split": 0.25,
    "recurrent_layers": 3,
    "recurrent_units": 32,
    "input_sequence_len": 12,
    "output_sequence_len": 12,
    "batch_size": 128,
    "optimizer": "rmsprop",
    "loss": "mse",
    "learning_rate": 0.001,
    "recurrent_cell": "lstm",
    "__timestamp__": 20201112062510,
    "verbose": 0,
    "epochs": 300,
    "steps": 137,
    "trainable_params": 24076,
    "non_trainable_params": 0.0,
    "total_params": 24076.0,
    "final_train_loss": 0.6660451292991638,
    "final_train_mse": 0.6660451292991638,
    "final_train_mae": 0.3927280902862549,
    "final_train_msle": 0.0933382511138916,
    "final_val_loss": 0.5673606991767883,
    "final_val_mse": 0.5673606991767883,
    "final_val_mae": 0.3465694785118103,
    "final_val_msle": 0.07196757942438126,
    "final_test_loss": 0.3640023171901703,
    "final_test_mse": 0.3640023171901703,
    "final_test_mae": 0.28211796283721924,
    "final_test_msle": 0.040888141840696335,
    "baseline_train_loss": 0.9069643020629883,
    "baseline_train_mse": 0.7261358499526978,
    "baseline_train_mae": 0.38321974873542786,
    "baseline_train_msle": 0.09021592140197754,
    "baseline_val_loss": 0.7090476155281067,
    "baseline_val_mse": 0.7090476155281067,
    "baseline_val_mae": 0.34644240140914917,
    "baseline_val_msle": 0.08525047451257706,
    "baseline_test_loss": 0.42662838101387024,
    "baseline_test_mse": 0.42662838101387024,
    "baseline_test_mae": 0.23522251844406128,
    "baseline_test_msle": 0.048840172588825226
}