{
    "num_epochs": 300,
    "train_split": 0.5,
    "val_split": 0.25,
    "test_split": 0.25,
    "recurrent_layers": 3,
    "recurrent_units": 32,
    "input_sequence_len": 24,
    "output_sequence_len": 24,
    "batch_size": 64,
    "optimizer": "sgd",
    "loss": "mse",
    "learning_rate": 3.1622776601683795e-05,
    "recurrent_cell": "lstm",
    "__timestamp__": 20201112054020,
    "verbose": 0,
    "epochs": 300,
    "steps": 274,
    "trainable_params": 24472,
    "non_trainable_params": 0.0,
    "total_params": 24472.0,
    "final_train_loss": 0.9772655367851257,
    "final_train_mse": 0.9772655367851257,
    "final_train_mae": 0.5807420015335083,
    "final_train_msle": 0.1440245509147644,
    "final_val_loss": 0.681411623954773,
    "final_val_mse": 0.681411623954773,
    "final_val_mae": 0.49737679958343506,
    "final_val_msle": 0.07597821205854416,
    "final_test_loss": 0.5145919919013977,
    "final_test_mse": 0.5145919919013977,
    "final_test_mae": 0.4578871428966522,
    "final_test_msle": 0.047405581921339035,
    "baseline_train_loss": 1.0418245792388916,
    "baseline_train_mse": 0.8663957715034485,
    "baseline_train_mae": 0.47335386276245117,
    "baseline_train_msle": 0.10554882884025574,
    "baseline_val_loss": 0.9013140797615051,
    "baseline_val_mse": 0.9013140797615051,
    "baseline_val_mae": 0.3946467638015747,
    "baseline_val_msle": 0.10455743223428726,
    "baseline_test_loss": 0.5598735809326172,
    "baseline_test_mse": 0.5598735809326172,
    "baseline_test_mae": 0.264838308095932,
    "baseline_test_msle": 0.060698457062244415
}