{
    "num_epochs": 33,
    "input_sequence_len": 36,
    "output_sequence_len": 12,
    "train_split": 0.7,
    "val_split": 0.2,
    "test_split": 0.1,
    "recurrent_layers": 4,
    "recurrent_units": 32,
    "batch_size": 128,
    "loss": "mse",
    "learning_rate": 3.1622776601683795e-05,
    "recurrent_cell": "lstm",
    "optimizer": "adam",
    "__timestamp__": 20201111172241,
    "verbose": 2,
    "epochs": 1000,
    "steps": 224,
    "trainable_params": 32396,
    "non_trainable_params": 0.0,
    "total_params": 32396.0,
    "final_val_loss": 0.5136061310768127,
    "final_val_mse": 0.5136061310768127,
    "final_val_mae": 0.3306693136692047,
    "final_val_msle": 0.058338385075330734,
    "final_test_loss": 0.6839413642883301,
    "final_test_mse": 0.6839413642883301,
    "final_test_mae": 0.34418052434921265,
    "final_test_msle": 0.08496038615703583
}