{
    "num_epochs": 2,
    "input_sequence_len": 24,
    "output_sequence_len": 12,
    "train_split": 0.7,
    "val_split": 0.2,
    "test_split": 0.1,
    "recurrent_units": 128,
    "recurrent_cell": "lstm",
    "recurrent_layers": 2,
    "batch_size": 32,
    "optimizer": "adam",
    "loss": "mse",
    "learning_rate": 0.001,
    "__timestamp__": 20201111152529,
    "verbose": 1,
    "epochs": 2,
    "steps": 895,
    "trainable_params": 210444,
    "non_trainable_params": 0.0,
    "total_params": 210444.0,
    "final_val_loss": 0.4140162169933319,
    "final_val_mse": 0.4140162169933319,
    "final_val_mae": 0.3166893720626831,
    "final_val_msle": 0.0456792414188385,
    "final_test_loss": 0.5687230825424194,
    "final_test_mse": 0.5687230825424194,
    "final_test_mae": 0.3344327211380005,
    "final_test_msle": 0.07168066501617432
}