{
    "num_epochs": 24,
    "input_sequence_len": 24,
    "output_sequence_len": 12,
    "train_split": 0.7,
    "val_split": 0.2,
    "test_split": 0.1,
    "recurrent_layers": 4,
    "recurrent_units": 32,
    "batch_size": 64,
    "loss": "mae",
    "learning_rate": 3.1622776601683795e-05,
    "recurrent_cell": "lstm",
    "optimizer": "adam",
    "__timestamp__": 20201111173112,
    "verbose": 2,
    "epochs": 1000,
    "steps": 448,
    "trainable_params": 32396,
    "non_trainable_params": 0.0,
    "total_params": 32396.0,
    "final_val_loss": 0.26062968373298645,
    "final_val_mse": 0.5269620418548584,
    "final_val_mae": 0.26062968373298645,
    "final_val_msle": 0.05961265414953232,
    "final_test_loss": 0.3813466429710388,
    "final_test_mse": 0.7253257036209106,
    "final_test_mae": 0.3813466429710388,
    "final_test_msle": 0.0848986878991127
}