{
    "num_epochs": 23,
    "train_split": 0.5,
    "val_split": 0.25,
    "test_split": 0.25,
    "recurrent_layers": 4,
    "recurrent_units": 16,
    "input_sequence_len": 24,
    "output_sequence_len": 48,
    "batch_size": 128,
    "optimizer": "adam",
    "loss": "mae",
    "learning_rate": 0.00031622776601683794,
    "recurrent_cell": "lstm",
    "__timestamp__": 20201112053753,
    "verbose": 0,
    "epochs": 300,
    "steps": 137,
    "trainable_params": 9648,
    "non_trainable_params": 0.0,
    "total_params": 9648.0,
    "final_train_loss": 0.4595734775066376,
    "final_train_mse": 0.9886578917503357,
    "final_train_mae": 0.4595734775066376,
    "final_train_msle": 0.1560455858707428,
    "final_val_loss": 0.32287269830703735,
    "final_val_mse": 0.646582305431366,
    "final_val_mae": 0.32287269830703735,
    "final_val_msle": 0.07860969752073288,
    "final_test_loss": 0.25213202834129333,
    "final_test_mse": 0.44790953397750854,
    "final_test_mae": 0.25213202834129333,
    "final_test_msle": 0.04801110550761223,
    "baseline_train_loss": 0.5305159091949463,
    "baseline_train_mse": 0.9561780691146851,
    "baseline_train_mae": 0.43797311186790466,
    "baseline_train_msle": 0.12112302333116531,
    "baseline_val_loss": 0.4337511360645294,
    "baseline_val_mse": 1.0470359325408936,
    "baseline_val_mae": 0.4337511360645294,
    "baseline_val_msle": 0.11982262134552002,
    "baseline_test_loss": 0.2937481999397278,
    "baseline_test_mse": 0.6659829616546631,
    "baseline_test_mae": 0.2937481999397278,
    "baseline_test_msle": 0.07129494100809097
}