{
    "num_epochs": 43,
    "input_sequence_len": 36,
    "output_sequence_len": 12,
    "train_split": 0.7,
    "val_split": 0.2,
    "test_split": 0.1,
    "recurrent_layers": 2,
    "recurrent_units": 128,
    "batch_size": 256,
    "loss": "mse",
    "learning_rate": 3.1622776601683795e-05,
    "recurrent_cell": "lstm",
    "optimizer": "adam",
    "__timestamp__": 20201111172543,
    "verbose": 2,
    "epochs": 1000,
    "steps": 112,
    "trainable_params": 210444,
    "non_trainable_params": 0.0,
    "total_params": 210444.0,
    "final_val_loss": 0.4887654185295105,
    "final_val_mse": 0.4887654185295105,
    "final_val_mae": 0.3791141211986542,
    "final_val_msle": 0.06166485697031021,
    "final_test_loss": 0.6043540835380554,
    "final_test_mse": 0.6043540835380554,
    "final_test_mae": 0.3271627724170685,
    "final_test_msle": 0.08005642145872116
}