{
    "num_epochs": 35,
    "input_sequence_len": 48,
    "output_sequence_len": 12,
    "train_split": 0.7,
    "val_split": 0.2,
    "test_split": 0.1,
    "recurrent_layers": 2,
    "recurrent_units": 128,
    "batch_size": 256,
    "loss": "mse",
    "learning_rate": 0.00031622776601683794,
    "recurrent_cell": "lstm",
    "optimizer": "adam",
    "__timestamp__": 20201111182605,
    "verbose": 2,
    "epochs": 1000,
    "steps": 112,
    "trainable_params": 210444,
    "non_trainable_params": 0.0,
    "total_params": 210444.0,
    "final_val_loss": 0.398166298866272,
    "final_val_mse": 0.398166298866272,
    "final_val_mae": 0.32037612795829773,
    "final_val_msle": 0.05345436930656433,
    "final_test_loss": 0.6083887219429016,
    "final_test_mse": 0.6083887219429016,
    "final_test_mae": 0.3713981807231903,
    "final_test_msle": 0.07959721982479095
}