{
    "num_epochs": 300,
    "dataset": "nygaardsgata__50_25_25__q4_q1__15_16_17_18_19",
    "train_split": 0.5,
    "val_split": 0.25,
    "test_split": 0.25,
    "recurrent_layers": 4,
    "recurrent_units": 32,
    "input_sequence_len": 48,
    "batch_size": 64,
    "optimizer": "sgd",
    "loss": "mae",
    "learning_rate": 0.00031622776601683794,
    "recurrent_cell": "lstm",
    "output_sequence_len": 48,
    "__timestamp__": 20201112174320,
    "verbose": 0,
    "epochs": 300,
    "steps": 136,
    "trainable_params": 33584,
    "non_trainable_params": 0.0,
    "total_params": 33584.0,
    "final_train_loss": 1.7420860528945923,
    "final_train_mse": 1.0411674976348877,
    "final_train_mae": 0.5885462760925293,
    "final_train_msle": 0.1697838455438614,
    "final_val_loss": 1.666247844696045,
    "final_val_mse": 0.740286648273468,
    "final_val_mae": 0.5127078890800476,
    "final_val_msle": 0.09315027296543121,
    "final_test_loss": 1.5871262550354004,
    "final_test_mse": 0.5128213167190552,
    "final_test_mae": 0.4335861802101135,
    "final_test_msle": 0.052962493151426315,
    "baseline_train_loss": 0.6303903460502625,
    "baseline_train_mse": 1.0747989416122437,
    "baseline_train_mae": 0.5652708411216736,
    "baseline_train_msle": 0.1425393968820572,
    "baseline_val_loss": 0.5319706201553345,
    "baseline_val_mse": 1.2477245330810547,
    "baseline_val_mae": 0.5319706201553345,
    "baseline_val_msle": 0.15072159469127655,
    "baseline_test_loss": 0.35051852464675903,
    "baseline_test_mse": 0.7554006576538086,
    "baseline_test_mae": 0.35051852464675903,
    "baseline_test_msle": 0.08336266130208969
}