{
    "num_epochs": 28,
    "train_split": 0.5,
    "val_split": 0.25,
    "test_split": 0.25,
    "recurrent_layers": 3,
    "recurrent_units": 64,
    "input_sequence_len": 12,
    "output_sequence_len": 24,
    "batch_size": 32,
    "optimizer": "rmsprop",
    "loss": "mse",
    "learning_rate": 0.00031622776601683794,
    "recurrent_cell": "lstm",
    "__timestamp__": 20201112062705,
    "verbose": 0,
    "epochs": 300,
    "steps": 547,
    "trainable_params": 89880,
    "non_trainable_params": 0.0,
    "total_params": 89880.0,
    "final_train_loss": 0.7017748951911926,
    "final_train_mse": 0.7017748951911926,
    "final_train_mae": 0.38994690775871277,
    "final_train_msle": 0.09736534208059311,
    "final_val_loss": 0.5717616677284241,
    "final_val_mse": 0.5717616677284241,
    "final_val_mae": 0.34460410475730896,
    "final_val_msle": 0.07337760180234909,
    "final_test_loss": 0.3873194754123688,
    "final_test_mse": 0.3873194754123688,
    "final_test_mae": 0.2691464424133301,
    "final_test_msle": 0.04317565634846687,
    "baseline_train_loss": 1.041155457496643,
    "baseline_train_mse": 0.8235010504722595,
    "baseline_train_mae": 0.41038960218429565,
    "baseline_train_msle": 0.10406707227230072,
    "baseline_val_loss": 0.9000842571258545,
    "baseline_val_mse": 0.9000842571258545,
    "baseline_val_mae": 0.39418843388557434,
    "baseline_val_msle": 0.10441374778747559,
    "baseline_test_loss": 0.5591360926628113,
    "baseline_test_mse": 0.5591360926628113,
    "baseline_test_mae": 0.2646324932575226,
    "baseline_test_msle": 0.06061502546072006
}