{
    "num_epochs": 94,
    "input_sequence_len": 24,
    "output_sequence_len": 12,
    "train_split": 0.7,
    "val_split": 0.2,
    "test_split": 0.1,
    "recurrent_layers": 2,
    "recurrent_units": 64,
    "batch_size": 64,
    "optimizer": "sgd",
    "loss": "mse",
    "learning_rate": 0.001,
    "recurrent_cell": "lstm",
    "__timestamp__": 20201111174105,
    "verbose": 2,
    "epochs": 1000,
    "steps": 448,
    "trainable_params": 56076,
    "non_trainable_params": 0.0,
    "total_params": 56076.0,
    "final_val_loss": 0.4600867033004761,
    "final_val_mse": 0.4600867033004761,
    "final_val_mae": 0.34937313199043274,
    "final_val_msle": 0.055315759032964706,
    "final_test_loss": 0.5818743109703064,
    "final_test_mse": 0.5818743109703064,
    "final_test_mae": 0.33148255944252014,
    "final_test_msle": 0.0749308243393898
}