{
    "num_epochs": 16,
    "train_split": 0.5,
    "val_split": 0.25,
    "test_split": 0.25,
    "recurrent_cell": "lstm",
    "recurrent_layers": 3,
    "recurrent_units": 64,
    "input_sequence_len": 168,
    "output_sequence_len": 12,
    "batch_size": 64,
    "optimizer": "adam",
    "loss": "mse",
    "learning_rate": 0.001,
    "__timestamp__": 20201112134823,
    "verbose": 0,
    "epochs": 300,
    "steps": 272,
    "trainable_params": 89100,
    "non_trainable_params": 0.0,
    "total_params": 89100.0,
    "final_train_loss": 0.6297857165336609,
    "final_train_mse": 0.6297857165336609,
    "final_train_mae": 0.39787641167640686,
    "final_train_msle": 0.09036660939455032,
    "final_val_loss": 0.542974054813385,
    "final_val_mse": 0.542974054813385,
    "final_val_mae": 0.3582296669483185,
    "final_val_msle": 0.06958208978176117,
    "final_test_loss": 0.3589150905609131,
    "final_test_mse": 0.3589150905609131,
    "final_test_mae": 0.27290603518486023,
    "final_test_msle": 0.04292527958750725,
    "baseline_train_loss": 0.9146643877029419,
    "baseline_train_mse": 0.7306932806968689,
    "baseline_train_mae": 0.3822024166584015,
    "baseline_train_msle": 0.09172053635120392,
    "baseline_val_loss": 0.7216030955314636,
    "baseline_val_mse": 0.7216030955314636,
    "baseline_val_mae": 0.3509775698184967,
    "baseline_val_msle": 0.08679922670125961,
    "baseline_test_loss": 0.43381795287132263,
    "baseline_test_mse": 0.43381795287132263,
    "baseline_test_mae": 0.23776358366012573,
    "baseline_test_msle": 0.04970984533429146
}