{
    "num_epochs": 129,
    "input_sequence_len": 48,
    "output_sequence_len": 12,
    "train_split": 0.7,
    "val_split": 0.2,
    "test_split": 0.1,
    "recurrent_layers": 2,
    "recurrent_units": 32,
    "batch_size": 32,
    "optimizer": "sgd",
    "loss": "mse",
    "learning_rate": 0.00031622776601683794,
    "recurrent_cell": "lstm",
    "__timestamp__": 20201111182818,
    "verbose": 2,
    "epochs": 1000,
    "steps": 895,
    "trainable_params": 15756,
    "non_trainable_params": 0.0,
    "total_params": 15756.0,
    "final_val_loss": 0.49280160665512085,
    "final_val_mse": 0.49280160665512085,
    "final_val_mae": 0.355469286441803,
    "final_val_msle": 0.06148594617843628,
    "final_test_loss": 0.6186128854751587,
    "final_test_mse": 0.6186128854751587,
    "final_test_mae": 0.342086523771286,
    "final_test_msle": 0.07754464447498322
}