{
    "num_epochs": 30,
    "input_sequence_len": 36,
    "output_sequence_len": 12,
    "train_split": 0.7,
    "val_split": 0.2,
    "test_split": 0.1,
    "recurrent_layers": 3,
    "recurrent_units": 32,
    "batch_size": 128,
    "loss": "mae",
    "learning_rate": 3.1622776601683795e-05,
    "recurrent_cell": "lstm",
    "optimizer": "adam",
    "__timestamp__": 20201111174933,
    "verbose": 2,
    "epochs": 1000,
    "steps": 224,
    "trainable_params": 24076,
    "non_trainable_params": 0.0,
    "total_params": 24076.0,
    "final_val_loss": 0.25889185070991516,
    "final_val_mse": 0.5060723423957825,
    "final_val_mae": 0.25889185070991516,
    "final_val_msle": 0.05753977224230766,
    "final_test_loss": 0.33312979340553284,
    "final_test_mse": 0.6536297798156738,
    "final_test_mae": 0.33312979340553284,
    "final_test_msle": 0.08342429250478745
}