{
    "num_epochs": 51,
    "input_sequence_len": 24,
    "output_sequence_len": 12,
    "train_split": 0.7,
    "val_split": 0.2,
    "test_split": 0.1,
    "recurrent_layers": 2,
    "recurrent_units": 64,
    "batch_size": 128,
    "loss": "mse",
    "learning_rate": 3.1622776601683795e-05,
    "recurrent_cell": "lstm",
    "optimizer": "adam",
    "__timestamp__": 20201111170210,
    "verbose": 2,
    "epochs": 1000,
    "steps": 224,
    "trainable_params": 56076,
    "non_trainable_params": 0.0,
    "total_params": 56076.0,
    "final_val_loss": 0.4769507646560669,
    "final_val_mse": 0.4769507646560669,
    "final_val_mae": 0.3693650960922241,
    "final_val_msle": 0.057947639375925064,
    "final_test_loss": 0.6098697185516357,
    "final_test_mse": 0.6098697185516357,
    "final_test_mae": 0.3221047818660736,
    "final_test_msle": 0.07779557257890701
}