{
    "num_epochs": 23,
    "input_sequence_len": 12,
    "output_sequence_len": 12,
    "train_split": 0.7,
    "val_split": 0.2,
    "test_split": 0.1,
    "recurrent_layers": 4,
    "recurrent_units": 32,
    "batch_size": 32,
    "loss": "mae",
    "learning_rate": 0.001,
    "recurrent_cell": "lstm",
    "optimizer": "adam",
    "__timestamp__": 20201111165716,
    "verbose": 2,
    "epochs": 1000,
    "steps": 895,
    "trainable_params": 32396,
    "non_trainable_params": 0.0,
    "total_params": 32396.0,
    "final_val_loss": 0.25173091888427734,
    "final_val_mse": 0.4730057120323181,
    "final_val_mae": 0.25173091888427734,
    "final_val_msle": 0.052039895206689835,
    "final_test_loss": 0.3870546221733093,
    "final_test_mse": 0.6681050658226013,
    "final_test_mae": 0.3870546221733093,
    "final_test_msle": 0.08038372546434402
}