{
    "num_epochs": 30,
    "input_sequence_len": 48,
    "output_sequence_len": 12,
    "train_split": 0.7,
    "val_split": 0.2,
    "test_split": 0.1,
    "recurrent_layers": 3,
    "recurrent_units": 64,
    "batch_size": 32,
    "loss": "mse",
    "learning_rate": 0.00031622776601683794,
    "recurrent_cell": "lstm",
    "optimizer": "adam",
    "__timestamp__": 20201111180909,
    "verbose": 2,
    "epochs": 1000,
    "steps": 895,
    "trainable_params": 89100,
    "non_trainable_params": 0.0,
    "total_params": 89100.0,
    "final_val_loss": 0.40789109468460083,
    "final_val_mse": 0.40789109468460083,
    "final_val_mae": 0.3031229078769684,
    "final_val_msle": 0.04898814111948013,
    "final_test_loss": 0.6320457458496094,
    "final_test_mse": 0.6320457458496094,
    "final_test_mae": 0.3558349013328552,
    "final_test_msle": 0.08505817502737045
}