{
    "num_epochs": 24,
    "train_split": 0.5,
    "val_split": 0.25,
    "test_split": 0.25,
    "recurrent_layers": 2,
    "recurrent_units": 32,
    "input_sequence_len": 48,
    "output_sequence_len": 48,
    "batch_size": 256,
    "optimizer": "adam",
    "loss": "mae",
    "learning_rate": 0.00031622776601683794,
    "recurrent_cell": "lstm",
    "__timestamp__": 20201112060450,
    "verbose": 0,
    "epochs": 300,
    "steps": 69,
    "trainable_params": 16944,
    "non_trainable_params": 0.0,
    "total_params": 16944.0,
    "final_train_loss": 0.4442940056324005,
    "final_train_mse": 0.9211028218269348,
    "final_train_mae": 0.4442940056324005,
    "final_train_msle": 0.13963007926940918,
    "final_val_loss": 0.41350558400154114,
    "final_val_mse": 0.6548777222633362,
    "final_val_mae": 0.41350558400154114,
    "final_val_msle": 0.0758667141199112,
    "final_test_loss": 0.33878815174102783,
    "final_test_mse": 0.4496009349822998,
    "final_test_mae": 0.33878815174102783,
    "final_test_msle": 0.04689650237560272,
    "baseline_train_loss": 0.5308963656425476,
    "baseline_train_mse": 0.9579896330833435,
    "baseline_train_mae": 0.4670933485031128,
    "baseline_train_msle": 0.12092779576778412,
    "baseline_val_loss": 0.43474313616752625,
    "baseline_val_mse": 1.0499095916748047,
    "baseline_val_mae": 0.43474313616752625,
    "baseline_val_msle": 0.1201542392373085,
    "baseline_test_loss": 0.2941416800022125,
    "baseline_test_mse": 0.6676919460296631,
    "baseline_test_mae": 0.2941416800022125,
    "baseline_test_msle": 0.07148851454257965
}