{
    "num_epochs": 15,
    "train_split": 0.5,
    "val_split": 0.25,
    "test_split": 0.25,
    "recurrent_cell": "lstm",
    "recurrent_layers": 3,
    "recurrent_units": 64,
    "input_sequence_len": 168,
    "output_sequence_len": 12,
    "batch_size": 64,
    "optimizer": "adam",
    "loss": "mse",
    "learning_rate": 0.001,
    "__timestamp__": 20201112144444,
    "verbose": 0,
    "epochs": 300,
    "steps": 272,
    "trainable_params": 89100,
    "non_trainable_params": 0.0,
    "total_params": 89100.0,
    "final_train_loss": 0.6660366654396057,
    "final_train_mse": 0.6660366654396057,
    "final_train_mae": 0.41354262828826904,
    "final_train_msle": 0.09669391810894012,
    "final_val_loss": 0.5311700105667114,
    "final_val_mse": 0.5311700105667114,
    "final_val_mae": 0.36424702405929565,
    "final_val_msle": 0.06616902351379395,
    "final_test_loss": 0.37715238332748413,
    "final_test_mse": 0.37715238332748413,
    "final_test_mae": 0.3015403747558594,
    "final_test_msle": 0.044777773320674896,
    "baseline_train_loss": 0.9146643877029419,
    "baseline_train_mse": 0.7367303967475891,
    "baseline_train_mae": 0.39168134331703186,
    "baseline_train_msle": 0.09233377873897552,
    "baseline_val_loss": 0.7216030955314636,
    "baseline_val_mse": 0.7216030955314636,
    "baseline_val_mae": 0.3509775698184967,
    "baseline_val_msle": 0.08679922670125961,
    "baseline_test_loss": 0.43381795287132263,
    "baseline_test_mse": 0.43381795287132263,
    "baseline_test_mae": 0.23776358366012573,
    "baseline_test_msle": 0.04970984533429146
}