{
    "num_epochs": 40,
    "input_sequence_len": 36,
    "output_sequence_len": 12,
    "train_split": 0.7,
    "val_split": 0.2,
    "test_split": 0.1,
    "recurrent_layers": 3,
    "recurrent_units": 128,
    "batch_size": 64,
    "loss": "mse",
    "learning_rate": 0.00031622776601683794,
    "recurrent_cell": "lstm",
    "optimizer": "adam",
    "__timestamp__": 20201111174750,
    "verbose": 2,
    "epochs": 1000,
    "steps": 448,
    "trainable_params": 342028,
    "non_trainable_params": 0.0,
    "total_params": 342028.0,
    "final_val_loss": 0.41252604126930237,
    "final_val_mse": 0.41252604126930237,
    "final_val_mae": 0.31285861134529114,
    "final_val_msle": 0.05678480118513107,
    "final_test_loss": 0.6433244943618774,
    "final_test_mse": 0.6433244943618774,
    "final_test_mae": 0.3766775131225586,
    "final_test_msle": 0.08799099177122116
}