{
    "num_epochs": 68,
    "input_sequence_len": 36,
    "output_sequence_len": 12,
    "train_split": 0.7,
    "val_split": 0.2,
    "test_split": 0.1,
    "recurrent_layers": 2,
    "recurrent_units": 64,
    "batch_size": 128,
    "loss": "mae",
    "learning_rate": 3.1622776601683795e-05,
    "recurrent_cell": "lstm",
    "optimizer": "adam",
    "__timestamp__": 20201111173050,
    "verbose": 2,
    "epochs": 1000,
    "steps": 224,
    "trainable_params": 56076,
    "non_trainable_params": 0.0,
    "total_params": 56076.0,
    "final_val_loss": 0.2593361437320709,
    "final_val_mse": 0.47503334283828735,
    "final_val_mae": 0.2593361437320709,
    "final_val_msle": 0.05205628275871277,
    "final_test_loss": 0.3058759570121765,
    "final_test_mse": 0.6041218638420105,
    "final_test_mae": 0.3058759570121765,
    "final_test_msle": 0.0769166350364685
}