{
    "num_epochs": 15,
    "train_split": 0.5,
    "val_split": 0.25,
    "test_split": 0.25,
    "recurrent_cell": "lstm",
    "recurrent_layers": 3,
    "recurrent_units": 64,
    "input_sequence_len": 168,
    "output_sequence_len": 12,
    "batch_size": 64,
    "optimizer": "adam",
    "loss": "mse",
    "learning_rate": 0.001,
    "__timestamp__": 20201112142715,
    "verbose": 0,
    "epochs": 300,
    "steps": 272,
    "trainable_params": 89100,
    "non_trainable_params": 0.0,
    "total_params": 89100.0,
    "final_train_loss": 0.6010962128639221,
    "final_train_mse": 0.6010962128639221,
    "final_train_mae": 0.3976130485534668,
    "final_train_msle": 0.08679524809122086,
    "final_val_loss": 0.5509944558143616,
    "final_val_mse": 0.5509944558143616,
    "final_val_mae": 0.375678688287735,
    "final_val_msle": 0.07483010739088058,
    "final_test_loss": 0.3872103989124298,
    "final_test_mse": 0.3872103989124298,
    "final_test_mae": 0.29502448439598083,
    "final_test_msle": 0.04935801029205322,
    "baseline_train_loss": 0.9146643877029419,
    "baseline_train_mse": 0.7400599718093872,
    "baseline_train_mae": 0.38952431082725525,
    "baseline_train_msle": 0.09384997934103012,
    "baseline_val_loss": 0.7216030955314636,
    "baseline_val_mse": 0.7216030955314636,
    "baseline_val_mae": 0.3509775698184967,
    "baseline_val_msle": 0.08679922670125961,
    "baseline_test_loss": 0.43381795287132263,
    "baseline_test_mse": 0.43381795287132263,
    "baseline_test_mae": 0.23776358366012573,
    "baseline_test_msle": 0.04970984533429146
}