{
    "num_epochs": 300,
    "dataset": "nygaardsgata__50_25_25__q4_q1__15_16_17_18_19",
    "train_split": 0.5,
    "val_split": 0.25,
    "test_split": 0.25,
    "recurrent_layers": 4,
    "recurrent_units": 32,
    "input_sequence_len": 24,
    "batch_size": 128,
    "optimizer": "sgd",
    "loss": "mse",
    "learning_rate": 0.00031622776601683794,
    "recurrent_cell": "lstm",
    "output_sequence_len": 48,
    "__timestamp__": 20201112173109,
    "verbose": 0,
    "epochs": 300,
    "steps": 68,
    "trainable_params": 33584,
    "non_trainable_params": 0.0,
    "total_params": 33584.0,
    "final_train_loss": 2.4792089462280273,
    "final_train_mse": 1.0012184381484985,
    "final_train_mae": 0.632804274559021,
    "final_train_msle": 0.16495881974697113,
    "final_val_loss": 2.2809269428253174,
    "final_val_mse": 0.8029378056526184,
    "final_val_mae": 0.6239598989486694,
    "final_val_msle": 0.09094752371311188,
    "final_test_loss": 2.0811092853546143,
    "final_test_mse": 0.6031196713447571,
    "final_test_mae": 0.5649352073669434,
    "final_test_msle": 0.0517776757478714,
    "baseline_train_loss": 1.3491624593734741,
    "baseline_train_mse": 1.101841688156128,
    "baseline_train_mae": 0.6078824996948242,
    "baseline_train_msle": 0.14172188937664032,
    "baseline_val_loss": 1.2408055067062378,
    "baseline_val_mse": 1.2408055067062378,
    "baseline_val_mae": 0.5293849110603333,
    "baseline_val_msle": 0.14988090097904205,
    "baseline_test_loss": 0.7522069811820984,
    "baseline_test_mse": 0.7522069811820984,
    "baseline_test_mae": 0.3503090441226959,
    "baseline_test_msle": 0.0829886868596077
}