{
    "num_epochs": 300,
    "dataset": "nygaardsgata__50_25_25__q4_q1__15_16_17_18_19",
    "train_split": 0.5,
    "val_split": 0.25,
    "test_split": 0.25,
    "recurrent_layers": 2,
    "recurrent_units": 64,
    "input_sequence_len": 48,
    "batch_size": 128,
    "optimizer": "sgd",
    "loss": "mse",
    "learning_rate": 3.1622776601683795e-05,
    "recurrent_cell": "lstm",
    "output_sequence_len": 48,
    "__timestamp__": 20201112181627,
    "verbose": 0,
    "epochs": 300,
    "steps": 68,
    "trainable_params": 58416,
    "non_trainable_params": 0.0,
    "total_params": 58416.0,
    "final_train_loss": 2.407940149307251,
    "final_train_mse": 1.01212477684021,
    "final_train_mae": 0.6363251805305481,
    "final_train_msle": 0.15687213838100433,
    "final_val_loss": 2.236085891723633,
    "final_val_mse": 0.8402706980705261,
    "final_val_mae": 0.6427052021026611,
    "final_val_msle": 0.09428983926773071,
    "final_test_loss": 2.0337815284729004,
    "final_test_mse": 0.6379660964012146,
    "final_test_mae": 0.5784753561019897,
    "final_test_msle": 0.05820423364639282,
    "baseline_train_loss": 1.3527021408081055,
    "baseline_train_mse": 1.1162071228027344,
    "baseline_train_mae": 0.6132124066352844,
    "baseline_train_msle": 0.14427374303340912,
    "baseline_val_loss": 1.247724175453186,
    "baseline_val_mse": 1.247724175453186,
    "baseline_val_mae": 0.5319706201553345,
    "baseline_val_msle": 0.15072154998779297,
    "baseline_test_loss": 0.7554007172584534,
    "baseline_test_mse": 0.7554007172584534,
    "baseline_test_mae": 0.3505185842514038,
    "baseline_test_msle": 0.08336266130208969
}