{
    "num_epochs": 19,
    "dataset": "nygaardsgata__50_25_25__q4_q1__15_16_17_18_19",
    "train_split": 0.5,
    "val_split": 0.25,
    "test_split": 0.25,
    "recurrent_cell": "gru",
    "recurrent_layers": 3,
    "recurrent_units": 64,
    "input_sequence_len": 168,
    "output_sequence_len": 24,
    "batch_size": 64,
    "optimizer": "adam",
    "loss": "mse",
    "learning_rate": 0.001,
    "__timestamp__": 20201112154112,
    "verbose": 1,
    "epochs": 300,
    "steps": 134,
    "trainable_params": 68376,
    "non_trainable_params": 0.0,
    "total_params": 68376.0,
    "final_train_loss": 0.6629983186721802,
    "final_train_mse": 0.6629983186721802,
    "final_train_mae": 0.44326937198638916,
    "final_train_msle": 0.09797588735818863,
    "final_val_loss": 0.6444405913352966,
    "final_val_mse": 0.6444405913352966,
    "final_val_mae": 0.4083976447582245,
    "final_val_msle": 0.08439216017723083,
    "final_test_loss": 0.41610437631607056,
    "final_test_mse": 0.41610437631607056,
    "final_test_mae": 0.31797006726264954,
    "final_test_msle": 0.04649187996983528,
    "baseline_train_loss": 1.1718608140945435,
    "baseline_train_mse": 0.9237188696861267,
    "baseline_train_mae": 0.4875603914260864,
    "baseline_train_msle": 0.12363353371620178,
    "baseline_val_loss": 1.0884785652160645,
    "baseline_val_mse": 1.0884785652160645,
    "baseline_val_mae": 0.48331859707832336,
    "baseline_val_msle": 0.13478876650333405,
    "baseline_test_loss": 0.6350782513618469,
    "baseline_test_mse": 0.6350782513618469,
    "baseline_test_mae": 0.311882346868515,
    "baseline_test_msle": 0.07121092826128006
}