{
    "num_epochs": 25,
    "train_split": 0.5,
    "val_split": 0.25,
    "test_split": 0.25,
    "recurrent_layers": 4,
    "recurrent_units": 16,
    "input_sequence_len": 24,
    "output_sequence_len": 24,
    "batch_size": 32,
    "optimizer": "rmsprop",
    "loss": "mae",
    "learning_rate": 0.00031622776601683794,
    "recurrent_cell": "lstm",
    "__timestamp__": 20201112053316,
    "verbose": 0,
    "epochs": 300,
    "steps": 547,
    "trainable_params": 9240,
    "non_trainable_params": 0.0,
    "total_params": 9240.0,
    "final_train_loss": 0.4535411596298218,
    "final_train_mse": 0.9801996350288391,
    "final_train_mae": 0.4535411596298218,
    "final_train_msle": 0.14457550644874573,
    "final_val_loss": 0.3151523768901825,
    "final_val_mse": 0.6666209101676941,
    "final_val_mae": 0.3151523768901825,
    "final_val_msle": 0.07813731580972672,
    "final_test_loss": 0.25048142671585083,
    "final_test_mse": 0.44614434242248535,
    "final_test_mae": 0.25048142671585083,
    "final_test_msle": 0.04785755276679993,
    "baseline_train_loss": 0.48106619715690613,
    "baseline_train_mse": 0.8436204791069031,
    "baseline_train_mae": 0.40434253215789795,
    "baseline_train_msle": 0.10569924116134644,
    "baseline_val_loss": 0.3946467638015747,
    "baseline_val_mse": 0.9013137817382812,
    "baseline_val_mae": 0.3946467638015747,
    "baseline_val_msle": 0.10455743968486786,
    "baseline_test_loss": 0.264838308095932,
    "baseline_test_mse": 0.5598728656768799,
    "baseline_test_mae": 0.264838308095932,
    "baseline_test_msle": 0.06069844961166382
}