{
    "num_epochs": 23,
    "input_sequence_len": 36,
    "output_sequence_len": 12,
    "train_split": 0.7,
    "val_split": 0.2,
    "test_split": 0.1,
    "recurrent_layers": 2,
    "recurrent_units": 128,
    "batch_size": 32,
    "optimizer": "rmsprop",
    "loss": "mae",
    "learning_rate": 0.001,
    "recurrent_cell": "lstm",
    "__timestamp__": 20201111164445,
    "verbose": 2,
    "epochs": 1000,
    "steps": 895,
    "trainable_params": 210444,
    "non_trainable_params": 0.0,
    "total_params": 210444.0,
    "final_val_loss": 0.24443386495113373,
    "final_val_mse": 0.42394375801086426,
    "final_val_mae": 0.24443386495113373,
    "final_val_msle": 0.04472935199737549,
    "final_test_loss": 0.41333505511283875,
    "final_test_mse": 0.6870047450065613,
    "final_test_mae": 0.41333505511283875,
    "final_test_msle": 0.07470569759607315
}