{
    "num_epochs": 28,
    "train_split": 0.5,
    "val_split": 0.25,
    "test_split": 0.25,
    "recurrent_cell": "lstm",
    "recurrent_layers": 2,
    "recurrent_units": 64,
    "input_sequence_len": 48,
    "output_sequence_len": 24,
    "batch_size": 32,
    "optimizer": "adam",
    "loss": "mse",
    "learning_rate": 0.001,
    "__timestamp__": 20201112124129,
    "verbose": 1,
    "epochs": 300,
    "steps": 546,
    "trainable_params": 56856,
    "non_trainable_params": 0.0,
    "total_params": 56856.0,
    "final_train_loss": 0.8171427845954895,
    "final_train_mse": 0.77532559633255,
    "final_train_mae": 0.4340001940727234,
    "final_train_msle": 0.1109645739197731,
    "final_val_loss": 0.5940564274787903,
    "final_val_mse": 0.5522396564483643,
    "final_val_mae": 0.3485167622566223,
    "final_val_msle": 0.06885573267936707,
    "final_test_loss": 0.4420832693576813,
    "final_test_mse": 0.40026628971099854,
    "final_test_mae": 0.3084314167499542,
    "final_test_msle": 0.045856766402721405,
    "baseline_train_loss": 1.0431290864944458,
    "baseline_train_mse": 0.8294232487678528,
    "baseline_train_mae": 0.4238969087600708,
    "baseline_train_msle": 0.10518022626638412,
    "baseline_val_loss": 0.9037784934043884,
    "baseline_val_mse": 0.9037784934043884,
    "baseline_val_mae": 0.39553529024124146,
    "baseline_val_msle": 0.10484600067138672,
    "baseline_test_loss": 0.5612929463386536,
    "baseline_test_mse": 0.5612929463386536,
    "baseline_test_mae": 0.2651320993900299,
    "baseline_test_msle": 0.060863640159368515
}