{
    "num_epochs": 143,
    "train_split": 0.5,
    "val_split": 0.25,
    "test_split": 0.25,
    "recurrent_layers": 4,
    "recurrent_units": 16,
    "input_sequence_len": 24,
    "output_sequence_len": 24,
    "batch_size": 128,
    "optimizer": "sgd",
    "loss": "mse",
    "learning_rate": 0.001,
    "recurrent_cell": "lstm",
    "__timestamp__": 20201112052208,
    "verbose": 0,
    "epochs": 300,
    "steps": 137,
    "trainable_params": 9240,
    "non_trainable_params": 0.0,
    "total_params": 9240.0,
    "final_train_loss": 0.9352037906646729,
    "final_train_mse": 0.9352037906646729,
    "final_train_mae": 0.5581879615783691,
    "final_train_msle": 0.1356213092803955,
    "final_val_loss": 0.6854897737503052,
    "final_val_mse": 0.6854897737503052,
    "final_val_mae": 0.5222862958908081,
    "final_val_msle": 0.0748465433716774,
    "final_test_loss": 0.5081555247306824,
    "final_test_mse": 0.5081555247306824,
    "final_test_mae": 0.4649423360824585,
    "final_test_msle": 0.04710698872804642,
    "baseline_train_loss": 1.0418241024017334,
    "baseline_train_mse": 0.8642536401748657,
    "baseline_train_mae": 0.47570133209228516,
    "baseline_train_msle": 0.10544947534799576,
    "baseline_val_loss": 0.9013139009475708,
    "baseline_val_mse": 0.9013139009475708,
    "baseline_val_mae": 0.39464691281318665,
    "baseline_val_msle": 0.10455743223428726,
    "baseline_test_loss": 0.5598737597465515,
    "baseline_test_mse": 0.5598737597465515,
    "baseline_test_mae": 0.2648382782936096,
    "baseline_test_msle": 0.06069844961166382
}