{
    "num_epochs": 24,
    "train_split": 0.5,
    "val_split": 0.25,
    "test_split": 0.25,
    "recurrent_layers": 3,
    "recurrent_units": 128,
    "input_sequence_len": 12,
    "output_sequence_len": 24,
    "batch_size": 64,
    "optimizer": "rmsprop",
    "loss": "mse",
    "learning_rate": 0.001,
    "recurrent_cell": "lstm",
    "__timestamp__": 20201112063209,
    "verbose": 0,
    "epochs": 300,
    "steps": 274,
    "trainable_params": 343576,
    "non_trainable_params": 0.0,
    "total_params": 343576.0,
    "final_train_loss": 0.7515762448310852,
    "final_train_mse": 0.7515762448310852,
    "final_train_mae": 0.41816946864128113,
    "final_train_msle": 0.10782027244567871,
    "final_val_loss": 0.5388099551200867,
    "final_val_mse": 0.5388099551200867,
    "final_val_mae": 0.3156428635120392,
    "final_val_msle": 0.06712932884693146,
    "final_test_loss": 0.3955423831939697,
    "final_test_mse": 0.3955423831939697,
    "final_test_mae": 0.2732517719268799,
    "final_test_msle": 0.046200837939977646,
    "baseline_train_loss": 1.0411550998687744,
    "baseline_train_mse": 0.8262379765510559,
    "baseline_train_mae": 0.4117564857006073,
    "baseline_train_msle": 0.1050741970539093,
    "baseline_val_loss": 0.9000840187072754,
    "baseline_val_mse": 0.9000840187072754,
    "baseline_val_mae": 0.39418846368789673,
    "baseline_val_msle": 0.10441374033689499,
    "baseline_test_loss": 0.5591366291046143,
    "baseline_test_mse": 0.5591366291046143,
    "baseline_test_mae": 0.26463261246681213,
    "baseline_test_msle": 0.06061502546072006
}