{
    "num_epochs": 26,
    "input_sequence_len": 24,
    "output_sequence_len": 12,
    "train_split": 0.7,
    "val_split": 0.2,
    "test_split": 0.1,
    "recurrent_layers": 4,
    "recurrent_units": 64,
    "batch_size": 32,
    "loss": "mae",
    "learning_rate": 3.1622776601683795e-05,
    "recurrent_cell": "lstm",
    "optimizer": "adam",
    "__timestamp__": 20201111171313,
    "verbose": 2,
    "epochs": 1000,
    "steps": 895,
    "trainable_params": 122124,
    "non_trainable_params": 0.0,
    "total_params": 122124.0,
    "final_val_loss": 0.2694055140018463,
    "final_val_mse": 0.5156046748161316,
    "final_val_mae": 0.2694055140018463,
    "final_val_msle": 0.05701535940170288,
    "final_test_loss": 0.35195302963256836,
    "final_test_mse": 0.6728072166442871,
    "final_test_mae": 0.35195302963256836,
    "final_test_msle": 0.08376751095056534
}