{
    "num_epochs": 25,
    "train_split": 0.5,
    "val_split": 0.25,
    "test_split": 0.25,
    "recurrent_layers": 4,
    "recurrent_units": 64,
    "input_sequence_len": 48,
    "output_sequence_len": 24,
    "batch_size": 32,
    "optimizer": "rmsprop",
    "loss": "mae",
    "learning_rate": 0.001,
    "recurrent_cell": "lstm",
    "__timestamp__": 20201112051315,
    "verbose": 1,
    "epochs": 1000,
    "steps": 546,
    "trainable_params": 122904,
    "non_trainable_params": 0.0,
    "total_params": 122904.0,
    "final_train_loss": 0.471096009016037,
    "final_train_mse": 0.9885434508323669,
    "final_train_mae": 0.471096009016037,
    "final_train_msle": 0.1384701430797577,
    "final_val_loss": 0.30369657278060913,
    "final_val_mse": 0.6029179096221924,
    "final_val_mae": 0.30369657278060913,
    "final_val_msle": 0.07138803601264954,
    "final_test_loss": 0.28123676776885986,
    "final_test_mse": 0.428680956363678,
    "final_test_mae": 0.28123676776885986,
    "final_test_msle": 0.05069133639335632,
    "baseline_train_loss": 0.4813947081565857,
    "baseline_train_mse": 0.8388689756393433,
    "baseline_train_mae": 0.41485655307769775,
    "baseline_train_msle": 0.10678736865520477,
    "baseline_val_loss": 0.39553529024124146,
    "baseline_val_mse": 0.9037784934043884,
    "baseline_val_mae": 0.39553529024124146,
    "baseline_val_msle": 0.10484600067138672,
    "baseline_test_loss": 0.2651320993900299,
    "baseline_test_mse": 0.5612929463386536,
    "baseline_test_mae": 0.2651320993900299,
    "baseline_test_msle": 0.060863640159368515
}