{
    "num_epochs": 38,
    "input_sequence_len": 36,
    "output_sequence_len": 12,
    "train_split": 0.7,
    "val_split": 0.2,
    "test_split": 0.1,
    "recurrent_layers": 4,
    "recurrent_units": 32,
    "batch_size": 32,
    "loss": "mse",
    "learning_rate": 3.1622776601683795e-05,
    "recurrent_cell": "lstm",
    "optimizer": "adam",
    "__timestamp__": 20201111183039,
    "verbose": 2,
    "epochs": 1000,
    "steps": 895,
    "trainable_params": 32396,
    "non_trainable_params": 0.0,
    "total_params": 32396.0,
    "final_val_loss": 0.5115865468978882,
    "final_val_mse": 0.5115865468978882,
    "final_val_mae": 0.36274605989456177,
    "final_val_msle": 0.06267911195755005,
    "final_test_loss": 0.6462650895118713,
    "final_test_mse": 0.6462650895118713,
    "final_test_mae": 0.3244452178478241,
    "final_test_msle": 0.08410085737705231
}