{
    "num_epochs": 23,
    "input_sequence_len": 48,
    "output_sequence_len": 12,
    "train_split": 0.7,
    "val_split": 0.2,
    "test_split": 0.1,
    "recurrent_layers": 3,
    "recurrent_units": 128,
    "batch_size": 64,
    "loss": "mse",
    "learning_rate": 3.1622776601683795e-05,
    "recurrent_cell": "lstm",
    "optimizer": "adam",
    "__timestamp__": 20201111174236,
    "verbose": 2,
    "epochs": 1000,
    "steps": 448,
    "trainable_params": 342028,
    "non_trainable_params": 0.0,
    "total_params": 342028.0,
    "final_val_loss": 0.4890594482421875,
    "final_val_mse": 0.4890594482421875,
    "final_val_mae": 0.34755218029022217,
    "final_val_msle": 0.05322164669632912,
    "final_test_loss": 0.6302872896194458,
    "final_test_mse": 0.6302872896194458,
    "final_test_mae": 0.32624927163124084,
    "final_test_msle": 0.08381897211074829
}