{
    "num_epochs": 11,
    "dataset": "nygaardsgata__50_25_25__q4_q1__15_16_17_18_19",
    "train_split": 0.5,
    "val_split": 0.25,
    "test_split": 0.25,
    "batch_size": 128,
    "learning_rate": 0.00031622776601683794,
    "recurrent_cell": "lstm",
    "recurrent_layers": 3,
    "recurrent_units": 64,
    "input_sequence_len": 48,
    "output_sequence_len": 24,
    "optimizer": "adam",
    "loss": "mse",
    "__timestamp__": 20201112165033,
    "verbose": 1,
    "epochs": 300,
    "steps": 68,
    "trainable_params": 89880,
    "non_trainable_params": 0.0,
    "total_params": 89880.0,
    "final_train_loss": 0.9541623592376709,
    "final_train_mse": 0.9541623592376709,
    "final_train_mae": 0.6079383492469788,
    "final_train_msle": 0.1509508639574051,
    "final_val_loss": 0.7977039813995361,
    "final_val_mse": 0.7977039813995361,
    "final_val_mae": 0.6127211451530457,
    "final_val_msle": 0.09128968417644501,
    "final_test_loss": 0.5602121353149414,
    "final_test_mse": 0.5602121353149414,
    "final_test_mae": 0.5103287100791931,
    "final_test_msle": 0.052553772926330566,
    "baseline_train_loss": 1.1577504873275757,
    "baseline_train_mse": 0.9596604704856873,
    "baseline_train_mae": 0.5478662848472595,
    "baseline_train_msle": 0.12389282137155533,
    "baseline_val_loss": 1.0674858093261719,
    "baseline_val_mse": 1.0674858093261719,
    "baseline_val_mae": 0.4786487817764282,
    "baseline_val_msle": 0.1324734389781952,
    "baseline_test_loss": 0.6259111166000366,
    "baseline_test_mse": 0.6259111166000366,
    "baseline_test_mae": 0.31203147768974304,
    "baseline_test_msle": 0.07032673060894012
}