{
    "num_epochs": 28,
    "train_split": 0.5,
    "val_split": 0.25,
    "test_split": 0.25,
    "recurrent_layers": 3,
    "recurrent_units": 16,
    "input_sequence_len": 12,
    "output_sequence_len": 48,
    "batch_size": 32,
    "optimizer": "adam",
    "loss": "mae",
    "learning_rate": 3.1622776601683795e-05,
    "recurrent_cell": "lstm",
    "__timestamp__": 20201112052157,
    "verbose": 0,
    "epochs": 300,
    "steps": 547,
    "trainable_params": 7536,
    "non_trainable_params": 0.0,
    "total_params": 7536.0,
    "final_train_loss": 0.472010999917984,
    "final_train_mse": 0.9881272315979004,
    "final_train_mae": 0.472010999917984,
    "final_train_msle": 0.15699361264705658,
    "final_val_loss": 0.3716886341571808,
    "final_val_mse": 0.6353120803833008,
    "final_val_mae": 0.3716886341571808,
    "final_val_msle": 0.0776863843202591,
    "final_test_loss": 0.2893693447113037,
    "final_test_mse": 0.43459928035736084,
    "final_test_mae": 0.2893693447113037,
    "final_test_msle": 0.047789912670850754,
    "baseline_train_loss": 0.5302936434745789,
    "baseline_train_mse": 0.9511138200759888,
    "baseline_train_mae": 0.4501665234565735,
    "baseline_train_msle": 0.12096137553453445,
    "baseline_val_loss": 0.4332367777824402,
    "baseline_val_mse": 1.045601725578308,
    "baseline_val_mae": 0.4332367777824402,
    "baseline_val_msle": 0.11965744942426682,
    "baseline_test_loss": 0.2935386002063751,
    "baseline_test_mse": 0.6651182174682617,
    "baseline_test_mae": 0.2935386002063751,
    "baseline_test_msle": 0.07119738310575485
}