{
    "num_epochs": 35,
    "input_sequence_len": 24,
    "output_sequence_len": 12,
    "train_split": 0.7,
    "val_split": 0.2,
    "test_split": 0.1,
    "recurrent_layers": 4,
    "recurrent_units": 128,
    "batch_size": 256,
    "loss": "mse",
    "learning_rate": 0.00031622776601683794,
    "recurrent_cell": "lstm",
    "optimizer": "adam",
    "__timestamp__": 20201111170914,
    "verbose": 2,
    "epochs": 1000,
    "steps": 112,
    "trainable_params": 473612,
    "non_trainable_params": 0.0,
    "total_params": 473612.0,
    "final_val_loss": 0.4526555836200714,
    "final_val_mse": 0.4526555836200714,
    "final_val_mae": 0.31260359287261963,
    "final_val_msle": 0.05128583312034607,
    "final_test_loss": 0.6374592781066895,
    "final_test_mse": 0.6374592781066895,
    "final_test_mae": 0.32909050583839417,
    "final_test_msle": 0.08393533527851105
}