{
    "num_epochs": 28,
    "train_split": 0.5,
    "val_split": 0.25,
    "test_split": 0.25,
    "recurrent_layers": 4,
    "recurrent_units": 128,
    "input_sequence_len": 24,
    "output_sequence_len": 12,
    "batch_size": 64,
    "optimizer": "sgd",
    "loss": "mse",
    "learning_rate": 0.001,
    "recurrent_cell": "lstm",
    "__timestamp__": 20201112053719,
    "verbose": 0,
    "epochs": 300,
    "steps": 274,
    "trainable_params": 473612,
    "non_trainable_params": 0.0,
    "total_params": 473612.0,
    "final_train_loss": 0.8444119095802307,
    "final_train_mse": 0.8444119095802307,
    "final_train_mae": 0.5007309913635254,
    "final_train_msle": 0.11215459555387497,
    "final_val_loss": 0.6513205170631409,
    "final_val_mse": 0.6513205170631409,
    "final_val_mae": 0.4817802608013153,
    "final_val_msle": 0.0740991160273552,
    "final_test_loss": 0.4563816785812378,
    "final_test_mse": 0.4563816785812378,
    "final_test_mae": 0.40243738889694214,
    "final_test_msle": 0.04474736750125885,
    "baseline_train_loss": 0.9075445532798767,
    "baseline_train_mse": 0.7573575973510742,
    "baseline_train_mae": 0.4234052896499634,
    "baseline_train_msle": 0.09156348556280136,
    "baseline_val_loss": 0.710014820098877,
    "baseline_val_mse": 0.710014820098877,
    "baseline_val_mae": 0.3468431234359741,
    "baseline_val_msle": 0.08536765724420547,
    "baseline_test_loss": 0.42717695236206055,
    "baseline_test_mse": 0.42717695236206055,
    "baseline_test_mae": 0.23538106679916382,
    "baseline_test_msle": 0.048907287418842316
}