{
    "num_epochs": 21,
    "input_sequence_len": 12,
    "output_sequence_len": 12,
    "train_split": 0.7,
    "val_split": 0.2,
    "test_split": 0.1,
    "recurrent_layers": 3,
    "recurrent_units": 64,
    "batch_size": 256,
    "loss": "mae",
    "learning_rate": 0.00031622776601683794,
    "recurrent_cell": "lstm",
    "optimizer": "adam",
    "__timestamp__": 20201111180402,
    "verbose": 2,
    "epochs": 1000,
    "steps": 112,
    "trainable_params": 89100,
    "non_trainable_params": 0.0,
    "total_params": 89100.0,
    "final_val_loss": 0.2615874409675598,
    "final_val_mse": 0.521453320980072,
    "final_val_mae": 0.2615874409675598,
    "final_val_msle": 0.05973999202251434,
    "final_test_loss": 0.3997056782245636,
    "final_test_mse": 0.7252657413482666,
    "final_test_mae": 0.3997056782245636,
    "final_test_msle": 0.08484736829996109
}