{
    "num_epochs": 28,
    "input_sequence_len": 12,
    "output_sequence_len": 12,
    "train_split": 0.7,
    "val_split": 0.2,
    "test_split": 0.1,
    "recurrent_layers": 3,
    "recurrent_units": 128,
    "batch_size": 128,
    "loss": "mae",
    "learning_rate": 0.00031622776601683794,
    "recurrent_cell": "lstm",
    "optimizer": "adam",
    "__timestamp__": 20201111165219,
    "verbose": 2,
    "epochs": 1000,
    "steps": 224,
    "trainable_params": 342028,
    "non_trainable_params": 0.0,
    "total_params": 342028.0,
    "final_val_loss": 0.2547963261604309,
    "final_val_mse": 0.47351741790771484,
    "final_val_mae": 0.2547963261604309,
    "final_val_msle": 0.052637405693531036,
    "final_test_loss": 0.3203033208847046,
    "final_test_mse": 0.612445056438446,
    "final_test_mae": 0.3203033208847046,
    "final_test_msle": 0.07583709806203842
}