{
    "num_epochs": 24,
    "train_split": 0.5,
    "val_split": 0.25,
    "test_split": 0.25,
    "recurrent_layers": 2,
    "recurrent_units": 64,
    "input_sequence_len": 48,
    "output_sequence_len": 24,
    "batch_size": 256,
    "optimizer": "adam",
    "loss": "mse",
    "learning_rate": 3.1622776601683795e-05,
    "recurrent_cell": "lstm",
    "__timestamp__": 20201112053757,
    "verbose": 0,
    "epochs": 300,
    "steps": 69,
    "trainable_params": 56856,
    "non_trainable_params": 0.0,
    "total_params": 56856.0,
    "final_train_loss": 0.9634561538696289,
    "final_train_mse": 0.9634561538696289,
    "final_train_mae": 0.573095440864563,
    "final_train_msle": 0.1376042515039444,
    "final_val_loss": 0.7306525111198425,
    "final_val_mse": 0.7306525111198425,
    "final_val_mae": 0.5518147349357605,
    "final_val_msle": 0.0806669145822525,
    "final_test_loss": 0.5687943696975708,
    "final_test_mse": 0.5687943696975708,
    "final_test_mae": 0.5114878416061401,
    "final_test_msle": 0.05265093967318535,
    "baseline_train_loss": 1.0431287288665771,
    "baseline_train_mse": 0.8854464888572693,
    "baseline_train_mae": 0.49139878153800964,
    "baseline_train_msle": 0.107438825070858,
    "baseline_val_loss": 0.9037783741950989,
    "baseline_val_mse": 0.9037783741950989,
    "baseline_val_mae": 0.39553508162498474,
    "baseline_val_msle": 0.1048460379242897,
    "baseline_test_loss": 0.5612934827804565,
    "baseline_test_mse": 0.5612934827804565,
    "baseline_test_mae": 0.2651320993900299,
    "baseline_test_msle": 0.060863640159368515
}