{
    "num_epochs": 70,
    "input_sequence_len": 24,
    "output_sequence_len": 12,
    "train_split": 0.7,
    "val_split": 0.2,
    "test_split": 0.1,
    "recurrent_layers": 2,
    "recurrent_units": 32,
    "batch_size": 128,
    "loss": "mse",
    "learning_rate": 3.1622776601683795e-05,
    "recurrent_cell": "lstm",
    "optimizer": "adam",
    "__timestamp__": 20201111174615,
    "verbose": 2,
    "epochs": 1000,
    "steps": 224,
    "trainable_params": 15756,
    "non_trainable_params": 0.0,
    "total_params": 15756.0,
    "final_val_loss": 0.5249888896942139,
    "final_val_mse": 0.5249888896942139,
    "final_val_mae": 0.3944486975669861,
    "final_val_msle": 0.06553754210472107,
    "final_test_loss": 0.6231445670127869,
    "final_test_mse": 0.6231445670127869,
    "final_test_mae": 0.31793642044067383,
    "final_test_msle": 0.08138038218021393
}