{
    "num_epochs": 300,
    "dataset": "nygaardsgata__50_25_25__q4_q1__15_16_17_18_19",
    "train_split": 0.5,
    "val_split": 0.25,
    "test_split": 0.25,
    "recurrent_layers": 3,
    "recurrent_units": 32,
    "input_sequence_len": 48,
    "batch_size": 128,
    "optimizer": "sgd",
    "loss": "mse",
    "learning_rate": 0.00031622776601683794,
    "recurrent_cell": "lstm",
    "output_sequence_len": 48,
    "__timestamp__": 20201112180032,
    "verbose": 0,
    "epochs": 300,
    "steps": 68,
    "trainable_params": 25264,
    "non_trainable_params": 0.0,
    "total_params": 25264.0,
    "final_train_loss": 2.059237480163574,
    "final_train_mse": 0.9777907133102417,
    "final_train_mae": 0.6228054165840149,
    "final_train_msle": 0.15401755273342133,
    "final_val_loss": 1.8950722217559814,
    "final_val_mse": 0.813625693321228,
    "final_val_mae": 0.632598340511322,
    "final_val_msle": 0.09019751846790314,
    "final_test_loss": 1.6920284032821655,
    "final_test_mse": 0.6105818748474121,
    "final_test_mae": 0.5697360634803772,
    "final_test_msle": 0.05280395969748497,
    "baseline_train_loss": 1.3527021408081055,
    "baseline_train_mse": 1.1071462631225586,
    "baseline_train_mae": 0.6103206872940063,
    "baseline_train_msle": 0.14248687028884888,
    "baseline_val_loss": 1.247724175453186,
    "baseline_val_mse": 1.247724175453186,
    "baseline_val_mae": 0.5319706201553345,
    "baseline_val_msle": 0.15072154998779297,
    "baseline_test_loss": 0.7554007172584534,
    "baseline_test_mse": 0.7554007172584534,
    "baseline_test_mae": 0.3505185842514038,
    "baseline_test_msle": 0.08336266130208969
}