{
    "num_epochs": 28,
    "input_sequence_len": 36,
    "output_sequence_len": 12,
    "train_split": 0.7,
    "val_split": 0.2,
    "test_split": 0.1,
    "recurrent_layers": 2,
    "recurrent_units": 64,
    "batch_size": 32,
    "loss": "mse",
    "learning_rate": 0.001,
    "recurrent_cell": "lstm",
    "optimizer": "adam",
    "__timestamp__": 20201111180619,
    "verbose": 2,
    "epochs": 1000,
    "steps": 895,
    "trainable_params": 56076,
    "non_trainable_params": 0.0,
    "total_params": 56076.0,
    "final_val_loss": 0.3966590166091919,
    "final_val_mse": 0.3966590166091919,
    "final_val_mae": 0.3067856729030609,
    "final_val_msle": 0.05392308533191681,
    "final_test_loss": 0.626990795135498,
    "final_test_mse": 0.626990795135498,
    "final_test_mae": 0.3849448263645172,
    "final_test_msle": 0.08059138059616089
}