{
    "num_epochs": 27,
    "input_sequence_len": 12,
    "output_sequence_len": 12,
    "train_split": 0.7,
    "val_split": 0.2,
    "test_split": 0.1,
    "recurrent_layers": 3,
    "recurrent_units": 128,
    "batch_size": 256,
    "optimizer": "adam",
    "loss": "mse",
    "learning_rate": 3.1622776601683795e-05,
    "recurrent_cell": "lstm",
    "__timestamp__": 20201111175058,
    "verbose": 2,
    "epochs": 1000,
    "steps": 112,
    "trainable_params": 342028,
    "non_trainable_params": 0.0,
    "total_params": 342028.0,
    "final_val_loss": 0.49145662784576416,
    "final_val_mse": 0.49145662784576416,
    "final_val_mae": 0.35853204131126404,
    "final_val_msle": 0.055921927094459534,
    "final_test_loss": 0.6048815846443176,
    "final_test_mse": 0.6048815846443176,
    "final_test_mae": 0.32965365052223206,
    "final_test_msle": 0.08011731505393982
}