{
    "num_epochs": 26,
    "train_split": 0.5,
    "val_split": 0.25,
    "test_split": 0.25,
    "recurrent_layers": 3,
    "recurrent_units": 64,
    "input_sequence_len": 48,
    "output_sequence_len": 24,
    "batch_size": 64,
    "loss": "mse",
    "learning_rate": 0.001,
    "recurrent_cell": "lstm",
    "optimizer": "adam",
    "__timestamp__": 20201112045113,
    "verbose": 1,
    "epochs": 1000,
    "steps": 273,
    "trainable_params": 89880,
    "non_trainable_params": 0.0,
    "total_params": 89880.0,
    "final_train_loss": 0.7345693111419678,
    "final_train_mse": 0.7345693111419678,
    "final_train_mae": 0.4212270677089691,
    "final_train_msle": 0.10306186228990555,
    "final_val_loss": 0.5655560493469238,
    "final_val_mse": 0.5655560493469238,
    "final_val_mae": 0.34844914078712463,
    "final_val_msle": 0.0691692903637886,
    "final_test_loss": 0.3831428289413452,
    "final_test_mse": 0.3831428289413452,
    "final_test_mae": 0.28510981798171997,
    "final_test_msle": 0.043341558426618576,
    "baseline_train_loss": 1.0431287288665771,
    "baseline_train_mse": 0.8237305283546448,
    "baseline_train_mae": 0.41614416241645813,
    "baseline_train_msle": 0.10434407740831375,
    "baseline_val_loss": 0.9037784337997437,
    "baseline_val_mse": 0.9037784337997437,
    "baseline_val_mae": 0.3955349922180176,
    "baseline_val_msle": 0.10484602302312851,
    "baseline_test_loss": 0.5612936019897461,
    "baseline_test_mse": 0.5612936019897461,
    "baseline_test_mae": 0.2651320993900299,
    "baseline_test_msle": 0.06086364760994911
}