{
    "num_epochs": 297,
    "input_sequence_len": 12,
    "output_sequence_len": 12,
    "train_split": 0.7,
    "val_split": 0.2,
    "test_split": 0.1,
    "recurrent_layers": 4,
    "recurrent_units": 32,
    "batch_size": 128,
    "optimizer": "sgd",
    "loss": "mae",
    "learning_rate": 0.00031622776601683794,
    "recurrent_cell": "lstm",
    "__timestamp__": 20201111164349,
    "verbose": 2,
    "epochs": 1000,
    "steps": 224,
    "trainable_params": 32396,
    "non_trainable_params": 0.0,
    "total_params": 32396.0,
    "final_val_loss": 0.2633255124092102,
    "final_val_mse": 0.5175536870956421,
    "final_val_mae": 0.2633255124092102,
    "final_val_msle": 0.059519991278648376,
    "final_test_loss": 0.35449448227882385,
    "final_test_mse": 0.692130982875824,
    "final_test_mae": 0.35449448227882385,
    "final_test_msle": 0.084589384496212
}