{
    "num_epochs": 18,
    "dataset": "nygaardsgata__50_25_25__q4_q1__15_16_17_18_19",
    "train_split": 0.5,
    "val_split": 0.25,
    "test_split": 0.25,
    "recurrent_layers": 3,
    "recurrent_units": 128,
    "input_sequence_len": 48,
    "batch_size": 128,
    "optimizer": "adam",
    "loss": "mse",
    "learning_rate": 0.001,
    "recurrent_cell": "lstm",
    "output_sequence_len": 48,
    "__timestamp__": 20201112190229,
    "verbose": 0,
    "epochs": 300,
    "steps": 68,
    "trainable_params": 346672,
    "non_trainable_params": 0.0,
    "total_params": 346672.0,
    "final_train_loss": 1.0158720016479492,
    "final_train_mse": 0.952893078327179,
    "final_train_mae": 0.5420581698417664,
    "final_train_msle": 0.15285947918891907,
    "final_val_loss": 0.7722876071929932,
    "final_val_mse": 0.7093085646629333,
    "final_val_mae": 0.48006775975227356,
    "final_val_msle": 0.08883960545063019,
    "final_test_loss": 0.5491697192192078,
    "final_test_mse": 0.4861906170845032,
    "final_test_mae": 0.371683269739151,
    "final_test_msle": 0.051996391266584396,
    "baseline_train_loss": 1.3527021408081055,
    "baseline_train_mse": 1.06598699092865,
    "baseline_train_mae": 0.5447880625724792,
    "baseline_train_msle": 0.1422196626663208,
    "baseline_val_loss": 1.247724175453186,
    "baseline_val_mse": 1.247724175453186,
    "baseline_val_mae": 0.5319706201553345,
    "baseline_val_msle": 0.15072154998779297,
    "baseline_test_loss": 0.7554007172584534,
    "baseline_test_mse": 0.7554007172584534,
    "baseline_test_mae": 0.3505185842514038,
    "baseline_test_msle": 0.08336266130208969
}