{
    "num_epochs": 22,
    "train_split": 0.5,
    "val_split": 0.25,
    "test_split": 0.25,
    "recurrent_layers": 2,
    "recurrent_units": 32,
    "input_sequence_len": 48,
    "output_sequence_len": 24,
    "batch_size": 32,
    "optimizer": "adam",
    "loss": "mae",
    "learning_rate": 0.001,
    "recurrent_cell": "lstm",
    "__timestamp__": 20201112052725,
    "verbose": 0,
    "epochs": 300,
    "steps": 546,
    "trainable_params": 16152,
    "non_trainable_params": 0.0,
    "total_params": 16152.0,
    "final_train_loss": 0.450531929731369,
    "final_train_mse": 0.9640701413154602,
    "final_train_mae": 0.450531929731369,
    "final_train_msle": 0.1397392749786377,
    "final_val_loss": 0.3119756579399109,
    "final_val_mse": 0.6345186829566956,
    "final_val_mae": 0.3119756579399109,
    "final_val_msle": 0.0767907127737999,
    "final_test_loss": 0.24022233486175537,
    "final_test_mse": 0.4135728180408478,
    "final_test_mae": 0.24022233486175537,
    "final_test_msle": 0.0457681380212307,
    "baseline_train_loss": 0.4813947081565857,
    "baseline_train_mse": 0.8338466882705688,
    "baseline_train_mae": 0.40122219920158386,
    "baseline_train_msle": 0.10515075922012329,
    "baseline_val_loss": 0.39553529024124146,
    "baseline_val_mse": 0.9037784934043884,
    "baseline_val_mae": 0.39553529024124146,
    "baseline_val_msle": 0.10484600067138672,
    "baseline_test_loss": 0.2651320993900299,
    "baseline_test_mse": 0.5612929463386536,
    "baseline_test_mae": 0.2651320993900299,
    "baseline_test_msle": 0.060863640159368515
}