{
    "num_epochs": 47,
    "train_split": 0.5,
    "val_split": 0.25,
    "test_split": 0.25,
    "recurrent_layers": 2,
    "recurrent_units": 128,
    "input_sequence_len": 12,
    "output_sequence_len": 48,
    "batch_size": 32,
    "optimizer": "sgd",
    "loss": "mse",
    "learning_rate": 0.00031622776601683794,
    "recurrent_cell": "lstm",
    "__timestamp__": 20201112051317,
    "verbose": 1,
    "epochs": 1000,
    "steps": 547,
    "trainable_params": 215088,
    "non_trainable_params": 0.0,
    "total_params": 215088.0,
    "final_train_loss": 0.8894957900047302,
    "final_train_mse": 0.8894957900047302,
    "final_train_mae": 0.5342437028884888,
    "final_train_msle": 0.12225515395402908,
    "final_val_loss": 0.6827350854873657,
    "final_val_mse": 0.6827350854873657,
    "final_val_mae": 0.5099864602088928,
    "final_val_msle": 0.07664765417575836,
    "final_test_loss": 0.49310123920440674,
    "final_test_mse": 0.49310123920440674,
    "final_test_mae": 0.43799540400505066,
    "final_test_msle": 0.0473778136074543,
    "baseline_train_loss": 1.2084987163543701,
    "baseline_train_mse": 0.9705705046653748,
    "baseline_train_mae": 0.49959707260131836,
    "baseline_train_msle": 0.12082432955503464,
    "baseline_val_loss": 1.045601725578308,
    "baseline_val_mse": 1.045601725578308,
    "baseline_val_mae": 0.4332367777824402,
    "baseline_val_msle": 0.11965744942426682,
    "baseline_test_loss": 0.6651182174682617,
    "baseline_test_mse": 0.6651182174682617,
    "baseline_test_mae": 0.2935386002063751,
    "baseline_test_msle": 0.07119738310575485
}