{
    "num_epochs": 24,
    "input_sequence_len": 12,
    "output_sequence_len": 12,
    "train_split": 0.7,
    "val_split": 0.2,
    "test_split": 0.1,
    "recurrent_layers": 4,
    "recurrent_units": 32,
    "batch_size": 128,
    "loss": "mae",
    "learning_rate": 0.001,
    "recurrent_cell": "lstm",
    "optimizer": "adam",
    "__timestamp__": 20201111173531,
    "verbose": 2,
    "epochs": 1000,
    "steps": 224,
    "trainable_params": 32396,
    "non_trainable_params": 0.0,
    "total_params": 32396.0,
    "final_val_loss": 0.2526513934135437,
    "final_val_mse": 0.5152243375778198,
    "final_val_mae": 0.2526513934135437,
    "final_val_msle": 0.057668112218379974,
    "final_test_loss": 0.35775691270828247,
    "final_test_mse": 0.6760889291763306,
    "final_test_mae": 0.35775691270828247,
    "final_test_msle": 0.08139421790838242
}