{
    "num_epochs": 27,
    "input_sequence_len": 36,
    "output_sequence_len": 12,
    "train_split": 0.7,
    "val_split": 0.2,
    "test_split": 0.1,
    "recurrent_layers": 3,
    "recurrent_units": 128,
    "batch_size": 64,
    "loss": "mae",
    "learning_rate": 0.001,
    "recurrent_cell": "lstm",
    "optimizer": "adam",
    "__timestamp__": 20201111172659,
    "verbose": 2,
    "epochs": 1000,
    "steps": 448,
    "trainable_params": 342028,
    "non_trainable_params": 0.0,
    "total_params": 342028.0,
    "final_val_loss": 0.24061599373817444,
    "final_val_mse": 0.3945607542991638,
    "final_val_mae": 0.24061599373817444,
    "final_val_msle": 0.043867722153663635,
    "final_test_loss": 0.36284345388412476,
    "final_test_mse": 0.6218788623809814,
    "final_test_mae": 0.36284345388412476,
    "final_test_msle": 0.0722816213965416
}