{
    "num_epochs": 5,
    "input_sequence_len": 24,
    "output_sequence_len": 12,
    "train_split": 0.7,
    "val_split": 0.2,
    "test_split": 0.1,
    "recurrent_units": 32,
    "recurrent_cell": "lstm",
    "recurrent_layers": 2,
    "batch_size": 32,
    "optimizer": "adam",
    "loss": "mse",
    "learning_rate": 0.001,
    "__timestamp__": 20201111153618,
    "verbose": 1,
    "epochs": 5,
    "steps": 895,
    "trainable_params": 15756,
    "non_trainable_params": 0.0,
    "total_params": 15756.0,
    "final_val_loss": 0.4341619610786438,
    "final_val_mse": 0.4341619610786438,
    "final_val_mae": 0.3355752229690552,
    "final_val_msle": 0.05626307800412178,
    "final_test_loss": 0.5885355472564697,
    "final_test_mse": 0.5885355472564697,
    "final_test_mae": 0.340372771024704,
    "final_test_msle": 0.08059538155794144
}