{
    "num_epochs": 25,
    "train_split": 0.5,
    "val_split": 0.25,
    "test_split": 0.25,
    "recurrent_layers": 2,
    "recurrent_units": 32,
    "input_sequence_len": 24,
    "output_sequence_len": 24,
    "batch_size": 256,
    "optimizer": "rmsprop",
    "loss": "mae",
    "learning_rate": 0.00031622776601683794,
    "recurrent_cell": "lstm",
    "__timestamp__": 20201112054054,
    "verbose": 0,
    "epochs": 300,
    "steps": 69,
    "trainable_params": 16152,
    "non_trainable_params": 0.0,
    "total_params": 16152.0,
    "final_train_loss": 0.43105238676071167,
    "final_train_mse": 0.8758559823036194,
    "final_train_mae": 0.43105238676071167,
    "final_train_msle": 0.12671050429344177,
    "final_val_loss": 0.3957691192626953,
    "final_val_mse": 0.6235836744308472,
    "final_val_mae": 0.3957691192626953,
    "final_val_msle": 0.07334545254707336,
    "final_test_loss": 0.29811400175094604,
    "final_test_mse": 0.4138832688331604,
    "final_test_mae": 0.29811400175094604,
    "final_test_msle": 0.04440011829137802,
    "baseline_train_loss": 0.4810664653778076,
    "baseline_train_mse": 0.8328859210014343,
    "baseline_train_mae": 0.4201917052268982,
    "baseline_train_msle": 0.10454881936311722,
    "baseline_val_loss": 0.39464688301086426,
    "baseline_val_mse": 0.9013139605522156,
    "baseline_val_mae": 0.39464688301086426,
    "baseline_val_msle": 0.10455743223428726,
    "baseline_test_loss": 0.2648382782936096,
    "baseline_test_mse": 0.5598737001419067,
    "baseline_test_mae": 0.2648382782936096,
    "baseline_test_msle": 0.06069844961166382
}