{
    "num_epochs": 24,
    "input_sequence_len": 24,
    "output_sequence_len": 12,
    "train_split": 0.7,
    "val_split": 0.2,
    "test_split": 0.1,
    "recurrent_layers": 3,
    "recurrent_units": 64,
    "batch_size": 128,
    "loss": "mae",
    "learning_rate": 0.00031622776601683794,
    "recurrent_cell": "lstm",
    "optimizer": "adam",
    "__timestamp__": 20201111170442,
    "verbose": 2,
    "epochs": 1000,
    "steps": 224,
    "trainable_params": 89100,
    "non_trainable_params": 0.0,
    "total_params": 89100.0,
    "final_val_loss": 0.2558189034461975,
    "final_val_mse": 0.5010321736335754,
    "final_val_mae": 0.2558189034461975,
    "final_val_msle": 0.05541727691888809,
    "final_test_loss": 0.34039005637168884,
    "final_test_mse": 0.6410001516342163,
    "final_test_mae": 0.34039005637168884,
    "final_test_msle": 0.07885655015707016
}