{
    "num_epochs": 37,
    "train_split": 0.5,
    "val_split": 0.25,
    "test_split": 0.25,
    "recurrent_layers": 3,
    "recurrent_units": 64,
    "input_sequence_len": 12,
    "output_sequence_len": 12,
    "batch_size": 256,
    "optimizer": "rmsprop",
    "loss": "mse",
    "learning_rate": 0.00031622776601683794,
    "recurrent_cell": "lstm",
    "__timestamp__": 20201112053929,
    "verbose": 0,
    "epochs": 300,
    "steps": 69,
    "trainable_params": 89100,
    "non_trainable_params": 0.0,
    "total_params": 89100.0,
    "final_train_loss": 0.5731762647628784,
    "final_train_mse": 0.5731762647628784,
    "final_train_mae": 0.37735864520072937,
    "final_train_msle": 0.0788956731557846,
    "final_val_loss": 0.6172896027565002,
    "final_val_mse": 0.6172896027565002,
    "final_val_mae": 0.3913159966468811,
    "final_val_msle": 0.08099964261054993,
    "final_test_loss": 0.3568650782108307,
    "final_test_mse": 0.3568650782108307,
    "final_test_mae": 0.2817348539829254,
    "final_test_msle": 0.04171699658036232,
    "baseline_train_loss": 0.9069644212722778,
    "baseline_train_mse": 0.7237585186958313,
    "baseline_train_mae": 0.38309216499328613,
    "baseline_train_msle": 0.09049198031425476,
    "baseline_val_loss": 0.7090475559234619,
    "baseline_val_mse": 0.7090475559234619,
    "baseline_val_mae": 0.34644249081611633,
    "baseline_val_msle": 0.08525050431489944,
    "baseline_test_loss": 0.42662832140922546,
    "baseline_test_mse": 0.42662832140922546,
    "baseline_test_mae": 0.23522250354290009,
    "baseline_test_msle": 0.04884016141295433
}