{
    "num_epochs": 11,
    "dataset": "nygaardsgata__50_25_25__q4_q1__15_16_17_18_19",
    "train_split": 0.5,
    "val_split": 0.25,
    "test_split": 0.25,
    "batch_size": 64,
    "learning_rate": 0.00031622776601683794,
    "recurrent_cell": "lstm",
    "recurrent_layers": 3,
    "recurrent_units": 64,
    "input_sequence_len": 48,
    "output_sequence_len": 24,
    "optimizer": "adam",
    "loss": "mse",
    "__timestamp__": 20201112165315,
    "verbose": 1,
    "epochs": 300,
    "steps": 136,
    "trainable_params": 89880,
    "non_trainable_params": 0.0,
    "total_params": 89880.0,
    "final_train_loss": 0.9362896680831909,
    "final_train_mse": 0.9362896680831909,
    "final_train_mae": 0.5873544812202454,
    "final_train_msle": 0.15051041543483734,
    "final_val_loss": 0.8000199198722839,
    "final_val_mse": 0.8000199198722839,
    "final_val_mae": 0.6263146996498108,
    "final_val_msle": 0.08851911872625351,
    "final_test_loss": 0.568543553352356,
    "final_test_mse": 0.568543553352356,
    "final_test_mae": 0.5297843813896179,
    "final_test_msle": 0.05081439018249512,
    "baseline_train_loss": 1.1577506065368652,
    "baseline_train_mse": 0.9624224305152893,
    "baseline_train_mae": 0.5543159246444702,
    "baseline_train_msle": 0.123316191136837,
    "baseline_val_loss": 1.0674858093261719,
    "baseline_val_mse": 1.0674858093261719,
    "baseline_val_mae": 0.4786487817764282,
    "baseline_val_msle": 0.1324734091758728,
    "baseline_test_loss": 0.6259111166000366,
    "baseline_test_mse": 0.6259111166000366,
    "baseline_test_mae": 0.31203144788742065,
    "baseline_test_msle": 0.07032673060894012
}