{
    "num_epochs": 104,
    "input_sequence_len": 48,
    "output_sequence_len": 12,
    "train_split": 0.7,
    "val_split": 0.2,
    "test_split": 0.1,
    "recurrent_layers": 4,
    "recurrent_units": 128,
    "batch_size": 256,
    "optimizer": "sgd",
    "loss": "mae",
    "learning_rate": 0.001,
    "recurrent_cell": "lstm",
    "__timestamp__": 20201111173216,
    "verbose": 2,
    "epochs": 1000,
    "steps": 112,
    "trainable_params": 473612,
    "non_trainable_params": 0.0,
    "total_params": 473612.0,
    "final_val_loss": 0.24973975121974945,
    "final_val_mse": 0.5004291534423828,
    "final_val_mae": 0.24973975121974945,
    "final_val_msle": 0.05666769668459892,
    "final_test_loss": 0.36166447401046753,
    "final_test_mse": 0.6809239983558655,
    "final_test_mae": 0.36166447401046753,
    "final_test_msle": 0.08342594653367996
}