{
    "num_epochs": 24,
    "train_split": 0.5,
    "val_split": 0.25,
    "test_split": 0.25,
    "recurrent_cell": "lstm",
    "recurrent_layers": 3,
    "recurrent_units": 64,
    "input_sequence_len": 168,
    "output_sequence_len": 12,
    "batch_size": 64,
    "optimizer": "adam",
    "loss": "mse",
    "learning_rate": 0.001,
    "__timestamp__": 20201112145300,
    "verbose": 0,
    "epochs": 300,
    "steps": 272,
    "trainable_params": 89100,
    "non_trainable_params": 0.0,
    "total_params": 89100.0,
    "final_train_loss": 0.42824310064315796,
    "final_train_mse": 0.42824310064315796,
    "final_train_mae": 0.3358430862426758,
    "final_train_msle": 0.0633692517876625,
    "final_val_loss": 0.5200132727622986,
    "final_val_mse": 0.5200132727622986,
    "final_val_mae": 0.31281962990760803,
    "final_val_msle": 0.06802291423082352,
    "final_test_loss": 0.3570387661457062,
    "final_test_mse": 0.3570387661457062,
    "final_test_mae": 0.26116836071014404,
    "final_test_msle": 0.041919466108083725,
    "baseline_train_loss": 0.9146643877029419,
    "baseline_train_mse": 0.7300722002983093,
    "baseline_train_mae": 0.37831687927246094,
    "baseline_train_msle": 0.09138757735490799,
    "baseline_val_loss": 0.7216030955314636,
    "baseline_val_mse": 0.7216030955314636,
    "baseline_val_mae": 0.3509775698184967,
    "baseline_val_msle": 0.08679922670125961,
    "baseline_test_loss": 0.43381795287132263,
    "baseline_test_mse": 0.43381795287132263,
    "baseline_test_mae": 0.23776358366012573,
    "baseline_test_msle": 0.04970984533429146
}