{
    "num_epochs": 150,
    "dataset": "nygaardsgata__50_25_25__q4_q1__15_16_17_18_19",
    "train_split": 0.5,
    "val_split": 0.25,
    "test_split": 0.25,
    "recurrent_layers": 3,
    "recurrent_units": 64,
    "input_sequence_len": 48,
    "batch_size": 256,
    "optimizer": "adam",
    "loss": "mse",
    "learning_rate": 3.1622776601683795e-05,
    "recurrent_cell": "lstm",
    "output_sequence_len": 48,
    "__timestamp__": 20201112181207,
    "verbose": 0,
    "epochs": 300,
    "steps": 34,
    "trainable_params": 91440,
    "non_trainable_params": 0.0,
    "total_params": 91440.0,
    "final_train_loss": 0.929196834564209,
    "final_train_mse": 0.6961373090744019,
    "final_train_mae": 0.4782355725765228,
    "final_train_msle": 0.10118734836578369,
    "final_val_loss": 0.9507311582565308,
    "final_val_mse": 0.7176716327667236,
    "final_val_mae": 0.45918020606040955,
    "final_val_msle": 0.0920841321349144,
    "final_test_loss": 0.7916123867034912,
    "final_test_mse": 0.5585529208183289,
    "final_test_mae": 0.38060349225997925,
    "final_test_msle": 0.07480349391698837,
    "baseline_train_loss": 1.3527026176452637,
    "baseline_train_mse": 1.0899306535720825,
    "baseline_train_mae": 0.5477396249771118,
    "baseline_train_msle": 0.149766206741333,
    "baseline_val_loss": 1.2477242946624756,
    "baseline_val_mse": 1.2477242946624756,
    "baseline_val_mae": 0.5319705605506897,
    "baseline_val_msle": 0.15072153508663177,
    "baseline_test_loss": 0.7554008960723877,
    "baseline_test_mse": 0.7554008960723877,
    "baseline_test_mae": 0.3505185842514038,
    "baseline_test_msle": 0.08336266875267029
}