{
    "num_epochs": 25,
    "input_sequence_len": 48,
    "output_sequence_len": 12,
    "train_split": 0.7,
    "val_split": 0.2,
    "test_split": 0.1,
    "recurrent_layers": 2,
    "recurrent_units": 128,
    "batch_size": 128,
    "optimizer": "rmsprop",
    "loss": "mse",
    "learning_rate": 0.00031622776601683794,
    "recurrent_cell": "lstm",
    "__timestamp__": 20201111185057,
    "verbose": 2,
    "epochs": 1000,
    "steps": 224,
    "trainable_params": 210444,
    "non_trainable_params": 0.0,
    "total_params": 210444.0,
    "final_val_loss": 0.451393187046051,
    "final_val_mse": 0.451393187046051,
    "final_val_mae": 0.33928534388542175,
    "final_val_msle": 0.05857989192008972,
    "final_test_loss": 0.6119552254676819,
    "final_test_mse": 0.6119552254676819,
    "final_test_mae": 0.36338144540786743,
    "final_test_msle": 0.079450324177742
}