{
    "num_epochs": 33,
    "input_sequence_len": 48,
    "output_sequence_len": 12,
    "train_split": 0.7,
    "val_split": 0.2,
    "test_split": 0.1,
    "recurrent_layers": 2,
    "recurrent_units": 32,
    "batch_size": 32,
    "loss": "mse",
    "learning_rate": 3.1622776601683795e-05,
    "recurrent_cell": "lstm",
    "optimizer": "adam",
    "__timestamp__": 20201111165246,
    "verbose": 2,
    "epochs": 1000,
    "steps": 895,
    "trainable_params": 15756,
    "non_trainable_params": 0.0,
    "total_params": 15756.0,
    "final_val_loss": 0.486748605966568,
    "final_val_mse": 0.486748605966568,
    "final_val_mae": 0.34760287404060364,
    "final_val_msle": 0.05704963207244873,
    "final_test_loss": 0.6611824035644531,
    "final_test_mse": 0.6611824035644531,
    "final_test_mae": 0.3511819839477539,
    "final_test_msle": 0.0838208794593811
}