{
    "num_epochs": 13,
    "train_split": 0.5,
    "val_split": 0.25,
    "test_split": 0.25,
    "recurrent_cell": "lstm",
    "recurrent_layers": 3,
    "recurrent_units": 64,
    "input_sequence_len": 168,
    "output_sequence_len": 24,
    "batch_size": 64,
    "optimizer": "adam",
    "loss": "mse",
    "learning_rate": 0.001,
    "__timestamp__": 20201112150952,
    "verbose": 0,
    "epochs": 300,
    "steps": 271,
    "trainable_params": 89880,
    "non_trainable_params": 0.0,
    "total_params": 89880.0,
    "final_train_loss": 0.7911009192466736,
    "final_train_mse": 0.7911009192466736,
    "final_train_mae": 0.4407195746898651,
    "final_train_msle": 0.11435649544000626,
    "final_val_loss": 0.5803920030593872,
    "final_val_mse": 0.5803920030593872,
    "final_val_mae": 0.3462866544723511,
    "final_val_msle": 0.07333134859800339,
    "final_test_loss": 0.40373504161834717,
    "final_test_mse": 0.40373504161834717,
    "final_test_mae": 0.2953118681907654,
    "final_test_msle": 0.045195672661066055,
    "baseline_train_loss": 1.0500470399856567,
    "baseline_train_mse": 0.8361974358558655,
    "baseline_train_mae": 0.42144787311553955,
    "baseline_train_msle": 0.10572011023759842,
    "baseline_val_loss": 0.9160757660865784,
    "baseline_val_mse": 0.9160757660865784,
    "baseline_val_mae": 0.39944031834602356,
    "baseline_val_msle": 0.10631324350833893,
    "baseline_test_loss": 0.5687494277954102,
    "baseline_test_mse": 0.5687494277954102,
    "baseline_test_mae": 0.2676568627357483,
    "baseline_test_msle": 0.06170011684298515
}