{
    "num_epochs": 35,
    "dataset": "nygaardsgata__50_25_25__q4_q1__15_16_17_18_19",
    "train_split": 0.5,
    "val_split": 0.25,
    "test_split": 0.25,
    "recurrent_layers": 4,
    "recurrent_units": 32,
    "input_sequence_len": 24,
    "batch_size": 32,
    "optimizer": "adam",
    "loss": "mae",
    "learning_rate": 0.00031622776601683794,
    "recurrent_cell": "lstm",
    "output_sequence_len": 48,
    "__timestamp__": 20201112171659,
    "verbose": 0,
    "epochs": 300,
    "steps": 272,
    "trainable_params": 33584,
    "non_trainable_params": 0.0,
    "total_params": 33584.0,
    "final_train_loss": 0.6213197708129883,
    "final_train_mse": 1.3200350999832153,
    "final_train_mae": 0.6190093755722046,
    "final_train_msle": 0.16969656944274902,
    "final_val_loss": 0.37525972723960876,
    "final_val_mse": 0.793587863445282,
    "final_val_mae": 0.37294960021972656,
    "final_val_msle": 0.09280041605234146,
    "final_test_loss": 0.2638642489910126,
    "final_test_mse": 0.504644513130188,
    "final_test_mae": 0.26155388355255127,
    "final_test_msle": 0.0528382882475853,
    "baseline_train_loss": 0.6291806101799011,
    "baseline_train_mse": 1.069196343421936,
    "baseline_train_mae": 0.5073084831237793,
    "baseline_train_msle": 0.14207354187965393,
    "baseline_val_loss": 0.5293848514556885,
    "baseline_val_mse": 1.2408053874969482,
    "baseline_val_mae": 0.5293848514556885,
    "baseline_val_msle": 0.14988090097904205,
    "baseline_test_loss": 0.35030895471572876,
    "baseline_test_mse": 0.7522072196006775,
    "baseline_test_mae": 0.35030895471572876,
    "baseline_test_msle": 0.08298865705728531
}