{
    "num_epochs": 26,
    "input_sequence_len": 48,
    "output_sequence_len": 12,
    "train_split": 0.7,
    "val_split": 0.2,
    "test_split": 0.1,
    "recurrent_layers": 3,
    "recurrent_units": 32,
    "batch_size": 64,
    "loss": "mae",
    "learning_rate": 0.00031622776601683794,
    "recurrent_cell": "lstm",
    "optimizer": "adam",
    "__timestamp__": 20201111175236,
    "verbose": 2,
    "epochs": 1000,
    "steps": 448,
    "trainable_params": 24076,
    "non_trainable_params": 0.0,
    "total_params": 24076.0,
    "final_val_loss": 0.2677827775478363,
    "final_val_mse": 0.4897025227546692,
    "final_val_mae": 0.2677827775478363,
    "final_val_msle": 0.05472561717033386,
    "final_test_loss": 0.31739094853401184,
    "final_test_mse": 0.6032208204269409,
    "final_test_mae": 0.31739094853401184,
    "final_test_msle": 0.07707804441452026
}