{
    "num_epochs": 300,
    "dataset": "nygaardsgata__50_25_25__q4_q1__15_16_17_18_19",
    "train_split": 0.5,
    "val_split": 0.25,
    "test_split": 0.25,
    "recurrent_layers": 2,
    "recurrent_units": 32,
    "input_sequence_len": 24,
    "batch_size": 256,
    "optimizer": "sgd",
    "loss": "mae",
    "learning_rate": 0.001,
    "recurrent_cell": "lstm",
    "output_sequence_len": 48,
    "__timestamp__": 20201112170943,
    "verbose": 0,
    "epochs": 300,
    "steps": 34,
    "trainable_params": 16944,
    "non_trainable_params": 0.0,
    "total_params": 16944.0,
    "final_train_loss": 1.1870629787445068,
    "final_train_mse": 1.0176907777786255,
    "final_train_mae": 0.5963506102561951,
    "final_train_msle": 0.16778388619422913,
    "final_val_loss": 1.1412088871002197,
    "final_val_mse": 0.7580869197845459,
    "final_val_mae": 0.550496518611908,
    "final_val_msle": 0.09219161421060562,
    "final_test_loss": 1.0622767210006714,
    "final_test_mse": 0.5385541319847107,
    "final_test_mae": 0.4715643525123596,
    "final_test_msle": 0.052705418318510056,
    "baseline_train_loss": 0.629180371761322,
    "baseline_train_mse": 1.0804376602172852,
    "baseline_train_mae": 0.5769291520118713,
    "baseline_train_msle": 0.14202946424484253,
    "baseline_val_loss": 0.529384970664978,
    "baseline_val_mse": 1.2408053874969482,
    "baseline_val_mae": 0.529384970664978,
    "baseline_val_msle": 0.14988090097904205,
    "baseline_test_loss": 0.3503090441226959,
    "baseline_test_mse": 0.7522069811820984,
    "baseline_test_mae": 0.3503090441226959,
    "baseline_test_msle": 0.0829886794090271
}