{
    "num_epochs": 29,
    "input_sequence_len": 48,
    "output_sequence_len": 12,
    "train_split": 0.7,
    "val_split": 0.2,
    "test_split": 0.1,
    "recurrent_layers": 3,
    "recurrent_units": 64,
    "batch_size": 128,
    "loss": "mae",
    "learning_rate": 0.001,
    "recurrent_cell": "lstm",
    "optimizer": "adam",
    "__timestamp__": 20201111182123,
    "verbose": 2,
    "epochs": 1000,
    "steps": 224,
    "trainable_params": 89100,
    "non_trainable_params": 0.0,
    "total_params": 89100.0,
    "final_val_loss": 0.2506336271762848,
    "final_val_mse": 0.4659219980239868,
    "final_val_mae": 0.2506336271762848,
    "final_val_msle": 0.050900883972644806,
    "final_test_loss": 0.3869015872478485,
    "final_test_mse": 0.6723990440368652,
    "final_test_mae": 0.3869015872478485,
    "final_test_msle": 0.07740660011768341
}