{
    "num_epochs": 23,
    "input_sequence_len": 12,
    "output_sequence_len": 12,
    "train_split": 0.7,
    "val_split": 0.2,
    "test_split": 0.1,
    "recurrent_layers": 4,
    "recurrent_units": 32,
    "batch_size": 256,
    "loss": "mae",
    "learning_rate": 0.00031622776601683794,
    "recurrent_cell": "lstm",
    "optimizer": "adam",
    "__timestamp__": 20201111181815,
    "verbose": 2,
    "epochs": 1000,
    "steps": 112,
    "trainable_params": 32396,
    "non_trainable_params": 0.0,
    "total_params": 32396.0,
    "final_val_loss": 0.27225974202156067,
    "final_val_mse": 0.5140291452407837,
    "final_val_mae": 0.27225974202156067,
    "final_val_msle": 0.05875673145055771,
    "final_test_loss": 0.33252063393592834,
    "final_test_mse": 0.6218521595001221,
    "final_test_mae": 0.33252063393592834,
    "final_test_msle": 0.0799064040184021
}