{
    "num_epochs": 123,
    "train_split": 0.5,
    "val_split": 0.25,
    "test_split": 0.25,
    "recurrent_layers": 3,
    "recurrent_units": 64,
    "input_sequence_len": 12,
    "output_sequence_len": 48,
    "batch_size": 64,
    "optimizer": "sgd",
    "loss": "mse",
    "learning_rate": 0.00031622776601683794,
    "recurrent_cell": "lstm",
    "__timestamp__": 20201112054312,
    "verbose": 0,
    "epochs": 300,
    "steps": 274,
    "trainable_params": 91440,
    "non_trainable_params": 0.0,
    "total_params": 91440.0,
    "final_train_loss": 0.888981282711029,
    "final_train_mse": 0.888981282711029,
    "final_train_mae": 0.5269901752471924,
    "final_train_msle": 0.12302783131599426,
    "final_val_loss": 0.6751239895820618,
    "final_val_mse": 0.6751239895820618,
    "final_val_mae": 0.49890685081481934,
    "final_val_msle": 0.07670465856790543,
    "final_test_loss": 0.4800257384777069,
    "final_test_mse": 0.4800257384777069,
    "final_test_mae": 0.42464113235473633,
    "final_test_msle": 0.04646546021103859,
    "baseline_train_loss": 1.2084983587265015,
    "baseline_train_mse": 0.9662214517593384,
    "baseline_train_mae": 0.49515557289123535,
    "baseline_train_msle": 0.12052085250616074,
    "baseline_val_loss": 1.0456016063690186,
    "baseline_val_mse": 1.0456016063690186,
    "baseline_val_mae": 0.43323665857315063,
    "baseline_val_msle": 0.1196574792265892,
    "baseline_test_loss": 0.6651185154914856,
    "baseline_test_mse": 0.6651185154914856,
    "baseline_test_mae": 0.2935386598110199,
    "baseline_test_msle": 0.07119739055633545
}