{
    "num_epochs": 44,
    "train_split": 0.5,
    "val_split": 0.25,
    "test_split": 0.25,
    "recurrent_layers": 2,
    "recurrent_units": 32,
    "input_sequence_len": 12,
    "output_sequence_len": 48,
    "batch_size": 128,
    "optimizer": "rmsprop",
    "loss": "mae",
    "learning_rate": 3.1622776601683795e-05,
    "recurrent_cell": "lstm",
    "__timestamp__": 20201112060625,
    "verbose": 0,
    "epochs": 300,
    "steps": 137,
    "trainable_params": 16944,
    "non_trainable_params": 0.0,
    "total_params": 16944.0,
    "final_train_loss": 0.4514843821525574,
    "final_train_mse": 0.9129939079284668,
    "final_train_mae": 0.4514843821525574,
    "final_train_msle": 0.13997960090637207,
    "final_val_loss": 0.43019595742225647,
    "final_val_mse": 0.6630721688270569,
    "final_val_mae": 0.43019595742225647,
    "final_val_msle": 0.07722073048353195,
    "final_test_loss": 0.3396252691745758,
    "final_test_mse": 0.4566943347454071,
    "final_test_mae": 0.3396252691745758,
    "final_test_msle": 0.04734942317008972,
    "baseline_train_loss": 0.5302932858467102,
    "baseline_train_mse": 0.9584622383117676,
    "baseline_train_mae": 0.4668804407119751,
    "baseline_train_msle": 0.12081484496593475,
    "baseline_val_loss": 0.43323662877082825,
    "baseline_val_mse": 1.045601725578308,
    "baseline_val_mae": 0.43323662877082825,
    "baseline_val_msle": 0.11965744942426682,
    "baseline_test_loss": 0.2935386002063751,
    "baseline_test_mse": 0.6651187539100647,
    "baseline_test_mae": 0.2935386002063751,
    "baseline_test_msle": 0.07119739055633545
}