{
    "num_epochs": 22,
    "input_sequence_len": 48,
    "output_sequence_len": 12,
    "train_split": 0.7,
    "val_split": 0.2,
    "test_split": 0.1,
    "recurrent_layers": 3,
    "recurrent_units": 64,
    "batch_size": 128,
    "optimizer": "rmsprop",
    "loss": "mae",
    "learning_rate": 0.00031622776601683794,
    "recurrent_cell": "lstm",
    "__timestamp__": 20201111164407,
    "verbose": 2,
    "epochs": 1000,
    "steps": 224,
    "trainable_params": 89100,
    "non_trainable_params": 0.0,
    "total_params": 89100.0,
    "final_val_loss": 0.25219476222991943,
    "final_val_mse": 0.503485381603241,
    "final_val_mae": 0.25219476222991943,
    "final_val_msle": 0.056628014892339706,
    "final_test_loss": 0.3614256978034973,
    "final_test_mse": 0.6948821544647217,
    "final_test_mae": 0.3614256978034973,
    "final_test_msle": 0.08385206758975983
}