{
    "num_epochs": 44,
    "input_sequence_len": 48,
    "output_sequence_len": 12,
    "train_split": 0.7,
    "val_split": 0.2,
    "test_split": 0.1,
    "recurrent_layers": 2,
    "recurrent_units": 32,
    "batch_size": 256,
    "loss": "mse",
    "learning_rate": 0.00031622776601683794,
    "recurrent_cell": "lstm",
    "optimizer": "adam",
    "__timestamp__": 20201111185307,
    "verbose": 2,
    "epochs": 1000,
    "steps": 112,
    "trainable_params": 15756,
    "non_trainable_params": 0.0,
    "total_params": 15756.0,
    "final_val_loss": 0.45074597001075745,
    "final_val_mse": 0.45074597001075745,
    "final_val_mae": 0.30917972326278687,
    "final_val_msle": 0.05060074105858803,
    "final_test_loss": 0.6441228985786438,
    "final_test_mse": 0.6441228985786438,
    "final_test_mae": 0.3372316360473633,
    "final_test_msle": 0.07954353839159012
}