{
    "num_epochs": 23,
    "input_sequence_len": 36,
    "output_sequence_len": 12,
    "train_split": 0.7,
    "val_split": 0.2,
    "test_split": 0.1,
    "recurrent_layers": 3,
    "recurrent_units": 128,
    "batch_size": 128,
    "loss": "mae",
    "learning_rate": 0.00031622776601683794,
    "recurrent_cell": "lstm",
    "optimizer": "adam",
    "__timestamp__": 20201111173912,
    "verbose": 2,
    "epochs": 1000,
    "steps": 224,
    "trainable_params": 342028,
    "non_trainable_params": 0.0,
    "total_params": 342028.0,
    "final_val_loss": 0.2519981265068054,
    "final_val_mse": 0.49510785937309265,
    "final_val_mae": 0.2519981265068054,
    "final_val_msle": 0.05465465039014816,
    "final_test_loss": 0.3521883487701416,
    "final_test_mse": 0.6507221460342407,
    "final_test_mae": 0.3521883487701416,
    "final_test_msle": 0.07692718505859375
}